bag,output_index,record_time_ns,width,height,occupied_cells,raster_sha256,exact_replay_match,matched_attempt_index,hash_multiplicity_in_recorded,startup_or_unrecovered
sense1-1,0,1746434299894037472,534,534,282498,debeaca87134c1ede69d6e104cca00213bf9a058f8f6bb15d8f8c37dc4bbe120,0,,12,1
sense1-1,1,1746434300321981140,534,534,282498,debeaca87134c1ede69d6e104cca00213bf9a058f8f6bb15d8f8c37dc4bbe120,0,,12,1
sense1-1,2,1746434300873138395,534,534,282498,debeaca87134c1ede69d6e104cca00213bf9a058f8f6bb15d8f8c37dc4bbe120,0,,12,1
sense1-1,3,1746434301299582674,534,534,282498,debeaca87134c1ede69d6e104cca00213bf9a058f8f6bb15d8f8c37dc4bbe120,1,0,12,0
sense1-1,4,1746434301891442403,534,534,282498,debeaca87134c1ede69d6e104cca00213bf9a058f8f6bb15d8f8c37dc4bbe120,1,1,12,0
sense1-1,5,1746434302323891006,534,534,282498,debeaca87134c1ede69d6e104cca00213bf9a058f8f6bb15d8f8c37dc4bbe120,1,2,12,0
sense1-1,6,1746434302869062142,534,534,282498,debeaca87134c1ede69d6e104cca00213bf9a058f8f6bb15d8f8c37dc4bbe120,1,3,12,0
sense1-1,7,1746434303293406321,534,534,282498,debeaca87134c1ede69d6e104cca00213bf9a058f8f6bb15d8f8c37dc4bbe120,1,4,12,0
sense1-1,8,1746434303875878681,534,534,282498,debeaca87134c1ede69d6e104cca00213bf9a058f8f6bb15d8f8c37dc4bbe120,1,5,12,0
sense1-1,9,1746434304301555393,534,534,282498,debeaca87134c1ede69d6e104cca00213bf9a058f8f6bb15d8f8c37dc4bbe120,1,6,12,0
sense1-1,10,1746434304863007562,534,534,282498,debeaca87134c1ede69d6e104cca00213bf9a058f8f6bb15d8f8c37dc4bbe120,1,7,12,0
sense1-1,11,1746434305279672565,534,534,282498,debeaca87134c1ede69d6e104cca00213bf9a058f8f6bb15d8f8c37dc4bbe120,0,,12,1
sense1-1,12,1746434305966222406,534,534,282894,8ae9a50a8272e1dbd7f2ac56f1656370be896a9b8c1dc061b1d04e565149ae21,1,8,1,0
sense1-1,13,1746434306389628716,534,534,282945,d1dd61f166e90104d893f51d13bea17d06b79677c3f2161412e9662dbf7bb442,1,9,1,0
sense1-1,14,1746434307159687377,698,698,481360,757e2b57a571c539d9510a4c2fe1451ba4490db3e64b441270d4f15c4c4e5875,1,10,1,0
sense1-1,15,1746434307596497284,534,534,282713,578a8e8f4b51d7cbaad3492f142d5e926e76f2a0f218db137c79a5c883643f8e,1,11,1,0
sense1-1,16,1746434308048937821,534,534,282383,4eca278571728ef5e749af235f5b468711bf179804f5969a87dd351e849a7796,1,12,1,0
sense1-1,17,1746434308467882952,534,534,282387,89dc430f7cf62ed23178acb5b9e9e8b6308b5df48e60cfd1d01926e8748a7dd4,1,13,1,0
sense1-1,18,1746434308905193799,534,534,282584,7f8a2e1547d62c9e43c35cc7a33e7181b8ede978f9d5103b91fa59023e9eba1c,1,14,2,0
sense1-1,19,1746434309328639214,534,534,282584,7f8a2e1547d62c9e43c35cc7a33e7181b8ede978f9d5103b91fa59023e9eba1c,1,15,2,0
sense1-1,20,1746434309872517938,534,534,278430,374d525ec770836c5ab0f8b0dc7841b5b7d50b6682d9ce05e054ab37a60c7706,1,16,2,0
sense1-1,21,1746434310305556233,534,534,278430,374d525ec770836c5ab0f8b0dc7841b5b7d50b6682d9ce05e054ab37a60c7706,1,17,2,0
sense1-1,22,1746434310883358716,534,534,279016,cb482bac9332df531f9510b3181f521e06cab5e8fa3a1fcf45bad4c2b96cbc56,1,18,1,0
sense1-1,23,1746434311319468913,534,534,279019,b51bf69ffe4a733a11b36ea586fb61d574a054fc1aea7c5834442600bf70928e,1,19,1,0
sense1-1,24,1746434311886238489,534,534,278721,7d61f1fd2a837aabdc365ab504f9a42da41eb8a756b7ac5752cab9ed15070b1e,1,20,1,0
sense1-1,25,1746434312710737881,740,741,538173,f98d5fb45a778eeebc3edcb00c6d0f0579f440b0a6c8ad181dfcb0bfa4f07c86,1,21,1,0
sense1-1,26,1746434313146722461,534,534,278320,92d3fd4480e3d9c96b2e60615d5a17cfb5e65df77dc91636d859d5ce237369b3,1,22,1,0
sense1-1,27,1746434313584838878,534,534,278317,61d70a45430bbb19b03b957c0da86206c033ec301e1400e5a02a4d00a2e60503,1,23,1,0
sense1-1,28,1746434314026572073,534,534,278932,0416800b47e48ca30f03dd24d066e04b2bfd2e6230f117483fc828bdb8404009,1,24,1,0
sense1-1,29,1746434314458359602,534,534,278940,6110035a52342a733a01b0a3d0c70ef6665bf471b1d964045b11592e83706e3f,1,25,1,0
sense1-1,30,1746434314899254318,534,534,279026,0fc6318de316bd81b1cc7d1537b7929e118f714f73201367b3439ddb352a4ad0,1,26,1,0
sense1-1,31,1746434315323535268,534,534,279023,aeb6aa3fb857b48c32528cf575179b869c4ccf8db136a2d4dbb42b6fce44630d,1,27,1,0
sense1-1,32,1746434315892830463,534,534,278783,fabbe411c488f2eecd37d323c20657ab03dd793b1a6ee1fa517ae77a2b1509d9,1,28,2,0
sense1-1,33,1746434316314593384,534,534,278783,fabbe411c488f2eecd37d323c20657ab03dd793b1a6ee1fa517ae77a2b1509d9,1,29,2,0
sense1-1,34,1746434316884314574,534,534,279139,de3a2485557ea441817b98d601108383225b2493f43726ea69fa7f8369bf3732,1,30,1,0
sense1-1,35,1746434317321496608,534,534,279154,602e5aa1e242dbea57a507da3fd57956d1bed025ebfbd33f2aa636eeea9bbaa3,1,31,1,0
sense1-1,36,1746434317897741562,534,534,279362,62d408d1edeaeba509ecfe8a6cccf7fbfee827999cfa6f99cd38bb6d0e6f51c4,1,32,1,0
sense1-1,37,1746434318327367310,534,534,279361,6c7f5370f241e2f89ce91d3fd8c3edfc01111d723a6b5162e1ef311e92ca1e2e,1,33,1,0
sense1-1,38,1746434318887002273,534,534,278777,8675a974404242e885038aa446e91fb8555a5ed9773abb62104dfd4d86251aea,1,34,1,0
sense1-1,39,1746434319324618066,534,534,278770,189c0471a77a0dd915b3d6a2b61b08fe3aeeb19ed1ee5d949c6e07b0a4fbb42c,1,35,1,0
sense1-1,40,1746434319890508225,534,534,277868,6050c989545b7a00be4dc1332c159c7acee88b7d145a2e9d4b5e99eb0170a183,1,36,1,0
sense1-1,41,1746434320314836052,534,534,277869,4d78ecad9189279917920882b21af867583be903e99164ea9221c1ef0177f584,1,37,1,0
sense1-1,42,1746434320893346590,534,534,277642,7de6adb75374638de55418e36819a4499ccd2039e764ad8ca5b50d93450f9c09,1,38,1,0
sense1-1,43,1746434321329471332,534,534,277644,800e4863b785d33ab52a0ad7c1907a73a35e8b2015cf686e780e2e12145d649f,1,39,1,0
sense1-1,44,1746434321879390021,534,534,277563,9497f4c8c71b76cf68635ee94340ea2719c1a9d385e61df288acb8bae38daa7c,1,40,2,0
sense1-1,45,1746434322314392682,534,534,277563,9497f4c8c71b76cf68635ee94340ea2719c1a9d385e61df288acb8bae38daa7c,1,41,2,0
sense1-1,46,1746434322913084219,534,534,277909,f72932977a6463a60c7cf66fe6deae109937a4d4861230bcd386d390dc50b583,1,42,1,0
sense1-1,47,1746434323499029423,618,618,367776,7e4f23353e10ae8bda0b0ea47ebe5de8a5c5e1f2892170b12b6a7979f70cd180,1,43,1,0
sense1-1,48,1746434323931398051,534,534,277766,88c0ee7ce2274ad162187aef9761d053e7483e6bce45afcb30b35ea02e0a02be,1,44,1,0
sense1-1,49,1746434324503553780,615,615,360796,ef067cf0552ba350067add4ebf6ee580e46b596884b4bbdc3a42f969bfca1a4a,1,45,1,0
sense1-1,50,1746434325054650596,602,601,348032,cddd642291ecee4d5d27dbfccc090ff3a6f5bfa4c239b67987fc69d4d374d2d4,1,46,1,0
sense1-1,51,1746434325487880828,534,534,278107,9051a70000daafa4f6a901804c379704517ed66dc7f81dad90fc2475d3254d62,1,47,1,0
sense1-1,52,1746434326020565659,601,601,347096,7ba12dec512fec3dcab0507124de64b541e87132ec050048a799d64a5ec8fc05,1,48,1,0
sense1-1,53,1746434326453242816,534,534,278028,6bbac3837dbfd677d9e34feaa3e5457f116523cd6fd548bec763fb42c06c2d8e,1,49,1,0
sense1-1,54,1746434326895408122,538,534,277017,15f4fc3193f239b5a3c7a9d662f96d6602608dd260b886ad36294f95b50b8d33,1,50,1,0
sense1-1,55,1746434327486884206,624,625,375472,47cc5ea76af5f4771df4d398a242d0d5b43ddcca3ebd6fe0d49f03ea460a5de8,1,51,1,0
sense1-1,56,1746434328003023220,621,537,319655,14ca02195ee45661986cec0e2609c17d775c69c1e01e3feeba6c2b5db4247520,1,52,1,0
sense1-1,57,1746434328479613004,560,534,289028,304b473336ec81438636e2cf6ef5847bf0baae2c4bbb64226dde930be9742b7f,1,53,1,0
sense1-1,58,1746434328932582812,534,534,278057,0d7ee1bbb2ef07e8ce4a35d76bccf7229a3327dc9d030ca56253e90919cd6141,1,54,1,0
sense1-1,59,1746434329376378926,534,534,278056,3593e65d3276d8868cd4f531dd1de321839f46adb42fc4faf7d8a1bf623c57ff,1,55,1,0
sense1-1,60,1746434329931269720,534,534,277499,d3656c717ea7525768202654c285ed2903454e7e2e96bc19667d302853372c15,1,56,2,0
sense1-1,61,1746434330374224822,534,534,277499,d3656c717ea7525768202654c285ed2903454e7e2e96bc19667d302853372c15,1,57,2,0
sense1-1,62,1746434330920238324,534,534,278590,b6ff190e9b472dcf96e92f63f2e866a5d1f1e414f34c1e4545a1a0e7f3dd1645,1,58,1,0
sense1-1,63,1746434331367807836,534,534,278589,a299ecdc0570b6b4a4fe78f38893f56c81a554fce60d87756ee5cd24130bea0f,1,59,1,0
sense1-1,64,1746434331918093857,534,534,278935,963d8b25f2ec0dd0017a7764e4b50a8c6483ed905515f22fcee52392941277fa,1,60,2,0
sense1-1,65,1746434332339596202,534,534,278935,963d8b25f2ec0dd0017a7764e4b50a8c6483ed905515f22fcee52392941277fa,1,61,2,0
sense1-1,66,1746434332925191388,534,534,277064,b1e88f6e12a7359882916e32fe9b12dee3853bbf576f1fc9f361daae699fcc2c,1,62,2,0
sense1-1,67,1746434333363541929,534,534,277064,b1e88f6e12a7359882916e32fe9b12dee3853bbf576f1fc9f361daae699fcc2c,1,63,2,0
sense1-1,68,1746434333898768286,534,534,276876,800e9e9aacdc9b646e8827be97feea2a52235c3ca25d4b22f5f432b2b4701931,1,64,2,0
sense1-1,69,1746434334335528640,534,534,276876,800e9e9aacdc9b646e8827be97feea2a52235c3ca25d4b22f5f432b2b4701931,1,65,2,0
sense1-1,70,1746434334896002224,534,534,275559,c604c06e9fadb2ec7f24eb539d9a8853f5dd8510447becd2de889b324c252514,1,66,2,0
sense1-1,71,1746434335323127660,534,534,275559,c604c06e9fadb2ec7f24eb539d9a8853f5dd8510447becd2de889b324c252514,1,67,2,0
sense1-1,72,1746434335901222201,534,534,275872,2506df8ad33f506326e2d053edb331a0e033feddad91339f896b4a5b51c34bab,1,68,1,0
sense1-1,73,1746434336345033978,534,534,274938,19104cc257b82409dfbf2be7a883174b7c84839e68361c137afc7c77f4b66d84,1,69,1,0
sense1-1,74,1746434336927365637,534,534,276036,4ef5695254f2844c09b96bc8c17bf9e5c6f381c300a981138d8999cc7725741c,1,70,3,0
sense1-1,75,1746434337371661782,534,534,276036,4ef5695254f2844c09b96bc8c17bf9e5c6f381c300a981138d8999cc7725741c,1,71,3,0
sense1-1,76,1746434337908057815,534,534,276036,4ef5695254f2844c09b96bc8c17bf9e5c6f381c300a981138d8999cc7725741c,1,72,3,0
sense1-1,77,1746434338348243751,534,534,276035,3d75dc1f0bb352de15f1dfb7bbf96bf9fdf60d629948fd50935dfc18d3efbf04,1,73,1,0
sense1-1,78,1746434338905459969,534,534,276959,1df040d4628cbce54a10fb77a5819478105d716d0721033cb8059ea5c7f39367,1,74,2,0
sense1-1,79,1746434339353823881,534,534,276959,1df040d4628cbce54a10fb77a5819478105d716d0721033cb8059ea5c7f39367,1,75,2,0
sense1-1,80,1746434339915853418,534,534,275024,2a06f0ff78d96cfc0cb0b3ec73b5625d54c8640d858e2a95398501f023a301fe,1,76,2,0
sense1-1,81,1746434340361806639,534,534,275024,2a06f0ff78d96cfc0cb0b3ec73b5625d54c8640d858e2a95398501f023a301fe,1,77,2,0
sense1-1,82,1746434340918606606,534,534,274287,a6a84faa068daab32451ceb15ccb9e3d9c9c0518e23b3284d48ca2bc02389f2b,1,78,1,0
sense1-1,83,1746434341356098975,534,534,274284,9071e96efa81f98fff38eca24bbc6df1307ad9b2b97c9dfd7a53785fd7f2a017,1,79,1,0
sense1-1,84,1746434341940411638,534,534,275332,f7e1e0472ed72a5cfc51046f1080c23902c30b4e8973e370911a7a8081fdfe7c,1,80,1,0
sense1-1,85,1746434342410508833,534,534,275331,b46bc1cca7b5146fcfa59af8b76a37d389725408c786a0bcf254a2174273f55b,1,81,1,0
sense1-1,86,1746434342946070825,534,559,283210,5ea2dabda88939b313cad48079966917b451af96fcd2ee363551e1cf747ac487,1,82,1,0
sense1-1,87,1746434343394150666,534,534,274352,1cdbb5bd6c80977207909bacf60ad768004b48d40891a0c2c91ceaa1db49522e,1,83,1,0
sense1-1,88,1746434343918419174,534,534,273707,8ce71204992aa566116d4a1b0a50b442d5292c7470c7cf4ca5c7da74222e7b5e,1,84,1,0
sense1-1,89,1746434344410998557,534,585,295532,492b8550c6372f5df4d1122c579cd3cbaf9b17e4b7798dc0b5da8a6b883f75d9,1,85,1,0
sense1-1,90,1746434344924961931,534,534,272826,a2f3a9b9cd3a44611da85af7f553c0d2413249eab14f53753387cc52d6a5b43d,1,86,2,0
sense1-1,91,1746434345385969549,534,534,272826,a2f3a9b9cd3a44611da85af7f553c0d2413249eab14f53753387cc52d6a5b43d,1,87,2,0
sense1-1,92,1746434345923397368,534,534,274089,d77f2381f8650d850bc77507106ff05b78b0a49e66bb8e55354461061ba179d8,1,88,1,0
sense1-1,93,1746434346912401863,534,534,272799,80052110852c1aa54b62bcd10f7fea2344277b40164c8830e0b9be79a69b657c,1,90,2,0
sense1-1,94,1746434347372699381,534,534,272799,80052110852c1aa54b62bcd10f7fea2344277b40164c8830e0b9be79a69b657c,1,91,2,0
sense1-1,95,1746434347925470829,534,534,272528,89e102e850484a7f8da717b87c681e62f5e5f2a549432738685e07ae8dd061aa,1,92,2,0
sense1-1,96,1746434348376419587,534,534,272528,89e102e850484a7f8da717b87c681e62f5e5f2a549432738685e07ae8dd061aa,1,93,2,0
sense1-1,97,1746434348930010775,534,534,272889,cb76b86e850a1965e7eecfc509e3c037f4e33e3375c28af72fac27c85ca8b78e,1,94,2,0
sense1-1,98,1746434349384878767,534,534,272889,cb76b86e850a1965e7eecfc509e3c037f4e33e3375c28af72fac27c85ca8b78e,1,95,2,0
sense1-1,99,1746434349917934776,534,534,272042,c03c8a25a1503aaa2fa4477b9aab9d5daf5824bb52f9990ddcb6f5a2cab40be9,1,96,2,0
sense1-1,100,1746434350372506267,534,534,272042,c03c8a25a1503aaa2fa4477b9aab9d5daf5824bb52f9990ddcb6f5a2cab40be9,1,97,2,0
sense1-1,101,1746434350924268003,534,534,271517,f59d412556748507ebeb25ad75686cfe375890e7841bebb302fa5a3683fcbab5,1,98,2,0
sense1-1,102,1746434351372337011,534,534,271517,f59d412556748507ebeb25ad75686cfe375890e7841bebb302fa5a3683fcbab5,1,99,2,0
sense1-1,103,1746434351914423607,534,534,272412,1ae03ad9fc2bfeab7df9fecc9ed517d0353f225ad06c66569a4887cbcc23432d,1,100,2,0
sense1-1,104,1746434352363521631,534,534,272412,1ae03ad9fc2bfeab7df9fecc9ed517d0353f225ad06c66569a4887cbcc23432d,1,101,2,0
sense1-1,105,1746434352928725941,534,534,271722,247f7a39aa18bfc9d84864cfc9e1fca81724de4a78931d8084bfd8e3a5053e83,1,102,2,0
sense1-1,106,1746434353385967527,534,534,271722,247f7a39aa18bfc9d84864cfc9e1fca81724de4a78931d8084bfd8e3a5053e83,1,103,2,0
sense1-1,107,1746434353977945934,534,534,272935,b4367894ef571e85a16c10e6550630bf387b4432390ab23d04661c2284f13da3,1,104,1,0
sense1-1,108,1746434354623200275,619,684,404424,781db739558022b499f7522400a6e5481005162c792636bf35410875ced49cd2,1,105,1,0
sense1-1,109,1746434355352731959,645,744,458109,e85ab7796da54bdd6dd8508607be66763daa3c3169f2819b3b9a2a94f8f6b9c9,1,106,1,0
sense1-1,110,1746434355901433351,534,534,272343,d6e6afcaf3d3dc53807c5fde88fa5a6bc4d0deda6f5b4b8be94b823f8f93ca1c,1,108,2,0
sense1-1,111,1746434356352913889,534,534,272343,d6e6afcaf3d3dc53807c5fde88fa5a6bc4d0deda6f5b4b8be94b823f8f93ca1c,1,109,2,0
sense1-1,112,1746434357156026189,618,703,414490,02689c87b0c5913fe84067bf3b6209462947315956bb972c35b26d32187e935e,1,110,1,0
sense1-1,113,1746434357603279583,534,534,272490,358c0e5d77ce5948ba20b81943747584a7b16ef3b4d0eb74c93527470d31b44d,1,111,1,0
sense1-1,114,1746434358063651628,534,534,271343,7ebcb8734d98023f0f478a18056b9b20c34ea7315d5b45adb9a99a7ca70b0c68,1,112,2,0
sense1-1,115,1746434358508353753,534,534,271343,7ebcb8734d98023f0f478a18056b9b20c34ea7315d5b45adb9a99a7ca70b0c68,1,113,2,0
sense1-1,116,1746434358968521126,534,534,272533,9b41a627cc37dd9b8b856b970654c0c288807cad5c7f7d71b26fd9d9130696d5,1,114,1,0
sense1-1,117,1746434359658466153,611,735,429910,c43cfc5f2cd62a79e74ddeb6941b0ed6b86b95410c856741741825669827d9b1,1,115,1,0
sense1-1,118,1746434360337058861,675,675,432451,621c3ca29d495afac1e3dcc3d00e23cceb3eca16477c8c3118b486550dd3b278,1,116,1,0
sense1-1,119,1746434361034181122,607,748,435323,414469b26418b53e72501470e3b8a63510c7f6c7130f3c3c884d460be88af5bd,1,117,1,0
sense1-1,120,1746434361724364930,613,688,403333,0cda75b9d5761429a62afae828ae56e30793b5798927477bb11ebf15cae74e5c,0,,1,1
sense1-1,121,1746434362358427269,605,689,398245,f257419ffa07ac6511a955168d6f0289a6c9afc51be11db93ef4c1db81bb1e6e,1,119,1,0
sense1-1,122,1746434363084185202,611,774,453341,ac2a54976c37255f8115661c091a153d98f921a6bf4cba70d0821d933c42fe69,0,,1,1
sense1-1,123,1746434363817281390,608,779,453778,e7d6beba0174bdb5e95015e1a94461c65f3bc8a329c880c1a061869ab5bebd98,1,121,1,0
sense1-1,124,1746434364639602713,670,793,509036,271937b44aa6e4169c70b417831299b3129cf7c9a3c8b05ea510d61dc7825447,0,,1,1
sense1-1,125,1746434365305609950,605,719,415916,c6e24127709a9c05dc76385ea99097501b21f8eb22b619ee3f464b7ab29567f6,1,123,1,0
sense1-1,126,1746434366006588548,588,754,425488,fa91533ebe626bfae032a3f67661cb0421e6f0fecc267d4c725f8256a28536c5,0,,1,1
sense1-1,127,1746434366745380611,602,793,458376,9f9209693e2c7e8f1fb2ab57f8578b3fec9c17dc3d8cf33601bf9f69d2fce57d,1,125,1,0
sense1-1,128,1746434367197191298,534,534,272579,b7706636d2b0bb1cb0f8d62a18d437f6c266ed3457af169b502f35a2a50aae56,0,,1,1
sense1-1,129,1746434367970165933,610,812,475612,43601011cb31093e1ff53eb98eb3f68f200cbab4423b2671ded70924cb31ce99,1,127,1,0
sense1-1,130,1746434368782622716,613,826,486418,853d802d323c81f098b51e9226759e992208178d55d14c73389b5e46eb19cf1b,0,,1,1
sense1-1,131,1746434369236473325,534,534,272840,7bd774779911d9d684dbd86d3b42268f9c732c539f4cd1855f51341ba49ded14,1,129,4,0
sense1-1,132,1746434369695676145,534,534,272840,7bd774779911d9d684dbd86d3b42268f9c732c539f4cd1855f51341ba49ded14,0,,4,1
sense1-1,133,1746434370154590231,534,534,273227,ac631d9e5d7c90bd07c2297ce631c377d8c694b9fded71f3379d4bbde7522845,1,131,2,0
sense1-1,134,1746434370612570603,534,534,273227,ac631d9e5d7c90bd07c2297ce631c377d8c694b9fded71f3379d4bbde7522845,0,,2,1
sense1-1,135,1746434371071316842,534,534,272840,7bd774779911d9d684dbd86d3b42268f9c732c539f4cd1855f51341ba49ded14,1,132,4,0
sense1-1,136,1746434371523073621,534,534,272840,7bd774779911d9d684dbd86d3b42268f9c732c539f4cd1855f51341ba49ded14,1,133,4,0
sense1-1,137,1746434371971710383,534,534,272470,d8ffe60f69f4d75961ca64b0ad5f935eb85a472a5015d20a6159725a3e4c6560,1,134,2,0
sense1-1,138,1746434372428402132,534,534,272470,d8ffe60f69f4d75961ca64b0ad5f935eb85a472a5015d20a6159725a3e4c6560,1,135,2,0
sense1-1,139,1746434372887876826,534,534,272722,d9f2ae49ab86998732f04c0bf49f039957a9384f4afd583032c5b353ffc5db01,1,138,2,0
sense1-1,140,1746434373337550940,534,534,272720,5305f8d1e762a6397e05f7fc2f9b4ee9cf07805ac6307981c1bcc4fcde1563ea,1,139,4,0
sense1-1,141,1746434373796123625,534,534,272720,5305f8d1e762a6397e05f7fc2f9b4ee9cf07805ac6307981c1bcc4fcde1563ea,1,140,4,0
sense1-1,142,1746434374244115562,534,534,272720,5305f8d1e762a6397e05f7fc2f9b4ee9cf07805ac6307981c1bcc4fcde1563ea,1,141,4,0
sense1-1,143,1746434374694535003,534,534,272720,5305f8d1e762a6397e05f7fc2f9b4ee9cf07805ac6307981c1bcc4fcde1563ea,0,,4,1
sense1-1,144,1746434375146340895,534,534,272722,d9f2ae49ab86998732f04c0bf49f039957a9384f4afd583032c5b353ffc5db01,0,,2,1
sense1-1,145,1746434375605778677,534,534,273052,c37c8523b37bebbc485ea98b9483a6c1707009a49f0e84d2546f9bb40b68baa8,1,143,2,0
sense1-1,146,1746434376059317765,534,534,273052,c37c8523b37bebbc485ea98b9483a6c1707009a49f0e84d2546f9bb40b68baa8,0,,2,1
sense1-1,147,1746434376908156318,663,837,530380,365b28c634f92e8a3719111996d8a506d1bbccdf12f2e5ee944d23eec6db7cb8,1,145,3,0
sense1-1,148,1746434377752878576,663,837,530380,365b28c634f92e8a3719111996d8a506d1bbccdf12f2e5ee944d23eec6db7cb8,1,146,3,0
sense1-1,149,1746434378606813844,663,837,530380,365b28c634f92e8a3719111996d8a506d1bbccdf12f2e5ee944d23eec6db7cb8,1,147,3,0
sense1-1,150,1746434379054980686,534,534,272602,43b013acbca4ff6110a16ced090d90eb12b13d2cd497bd377bf72a0a970eea38,0,,1,1
sense1-1,151,1746434379498478197,534,534,272378,79f2636f6b73e065f29129227a0d34df6c3af6816349fad80742b24408ce39b4,1,149,1,0
sense1-1,152,1746434379967305335,534,534,272381,d3cd22d9a7f49ad5caed549c16ad31d7c9fcf9454f5a34c52bd15b614c33ba57,0,,1,1
sense1-1,153,1746434380420631863,534,534,272809,e9e0b5964f8b9df6a4175cade69ba05428a760bd1a9acc61ae72a55b5cb1ca92,1,150,2,0
sense1-1,154,1746434380866597156,534,534,272809,e9e0b5964f8b9df6a4175cade69ba05428a760bd1a9acc61ae72a55b5cb1ca92,1,151,2,0
sense1-1,155,1746434381632807361,588,831,467818,fa388000b55855627cc26e503df3c71185133fd19e85979b932c6c04e0140cc2,1,153,2,0
sense1-1,156,1746434382393685798,588,831,467818,fa388000b55855627cc26e503df3c71185133fd19e85979b932c6c04e0140cc2,0,,2,1
sense1-1,157,1746434383136411110,586,832,465683,b164cfbce782320e660e06f9beaa99e189bb01124c99d04f56ed6a2a6739c6d8,1,155,1,0
sense1-1,158,1746434383888308799,585,831,464608,7d449d0716152b9ed9cc5d47e38d88eeb727a6d58213902c776a7c89f2c1015f,0,,1,1
sense1-1,159,1746434384338482972,534,534,272634,7d4e32ff05094ad8e76764813f5aed38ef753c246346ce5f160a303687e07451,1,157,4,0
sense1-1,160,1746434384792307854,534,534,272635,e5febbf6c17331b6ab53778a54b9c480d9df01bd41be32d14efe55638c981c3e,0,,1,1
sense1-1,161,1746434385248547646,534,534,272636,1dcee6c09a4e088c0c289aa568fc9decde0f763cd96998c2dce184be8668d287,1,158,2,0
sense1-1,162,1746434385720553424,534,534,272636,1dcee6c09a4e088c0c289aa568fc9decde0f763cd96998c2dce184be8668d287,1,159,2,0
sense1-1,163,1746434386174814068,534,534,272634,7d4e32ff05094ad8e76764813f5aed38ef753c246346ce5f160a303687e07451,1,161,4,0
sense1-1,164,1746434386661235996,534,534,272634,7d4e32ff05094ad8e76764813f5aed38ef753c246346ce5f160a303687e07451,1,162,4,0
sense1-1,165,1746434387119565329,534,534,272634,7d4e32ff05094ad8e76764813f5aed38ef753c246346ce5f160a303687e07451,1,163,4,0
sense1-1,166,1746434387891289667,613,809,472498,37d4c495c9dfe04011d66ad0707df9fb99c51de7d1bf3f9093f72291ea0c3d99,1,166,1,0
sense1-1,167,1746434388652082040,587,849,476440,78e9f830a60ad3e2da772eb8178362f183774c5a6009c583853fe18dccc3b044,0,,1,1
sense1-1,168,1746434389105158014,534,534,272517,ee385c986f56c737ddfae32c20bd7a271fdef1129e2ab5869f104b741e1a3b63,0,,1,1
sense1-1,169,1746434390016021360,667,876,559804,5f9d308790d5f805a8b4255fa1397ae25cc0b0e9b43e126b30560a4fe275b59d,1,167,1,0
sense1-1,170,1746434390965460077,667,888,568815,5e44e5b15a181488272c92e3a7bed83ed6fe1782a4699f130e923bc99724b5c0,0,,1,1
sense1-1,171,1746434391915992954,622,962,574009,4ea2e57089750ff481abfabc8f103b0dbb9763cd3f54aa0fe6aecb471ec8478e,1,170,1,0
sense1-1,172,1746434392394059047,534,534,271019,ace0dc041bb53ac185e8637547177345d8b5a346d91b06ae6c5117de6011b7f8,0,,1,1
sense1-1,173,1746434392859308088,534,534,271916,0209abe71031639f12993fe908741f2b3ed84f40a8e558e87dd8ebedac618be6,1,172,4,0
sense1-1,174,1746434393325530557,534,534,271916,0209abe71031639f12993fe908741f2b3ed84f40a8e558e87dd8ebedac618be6,1,173,4,0
sense1-1,175,1746434393796561886,534,534,271916,0209abe71031639f12993fe908741f2b3ed84f40a8e558e87dd8ebedac618be6,1,174,4,0
sense1-1,176,1746434394242708680,534,534,271916,0209abe71031639f12993fe908741f2b3ed84f40a8e558e87dd8ebedac618be6,1,175,4,0
sense1-1,177,1746434394697471556,534,534,270679,851e6791974884f2e3da1d74b535fa445061ee21038b02f39bcdae0455974f42,1,176,4,0
sense1-1,178,1746434395143116244,534,534,270679,851e6791974884f2e3da1d74b535fa445061ee21038b02f39bcdae0455974f42,1,177,4,0
sense1-1,179,1746434395586302932,534,534,271029,b64384ef4b67b9afd69b252925fa0daf88acda8b3c7b211d89c02b23ee0cf42f,1,178,3,0
sense1-1,180,1746434396063948052,534,534,271029,b64384ef4b67b9afd69b252925fa0daf88acda8b3c7b211d89c02b23ee0cf42f,1,179,3,0
sense1-1,181,1746434396514232233,534,534,270679,851e6791974884f2e3da1d74b535fa445061ee21038b02f39bcdae0455974f42,1,180,4,0
sense1-1,182,1746434396975890432,534,534,270679,851e6791974884f2e3da1d74b535fa445061ee21038b02f39bcdae0455974f42,1,181,4,0
sense1-1,183,1746434397430907248,534,534,271029,b64384ef4b67b9afd69b252925fa0daf88acda8b3c7b211d89c02b23ee0cf42f,1,183,3,0
sense1-1,184,1746434397873477007,534,534,271028,1504ca42d869ceb0aa2628a9a5d7038dad514dbc2e7e28714deb6eadf08e56b0,0,,1,1
sense1-1,185,1746434398624359523,711,710,474270,a125a20df24134ad1002148e29f26bb3c7e79a30504e8e29b9aaf16a4a49a7d9,1,185,1,0
sense1-1,186,1746434399085665949,534,534,271163,691c61bd87bd7f5e95ad56431da098a60508c9f7a781f24e54dc865368eb88f7,0,,1,1
sense1-1,187,1746434399773286478,627,711,420795,5905596eadc9c7a8795d833138297d55bb66d7acce4bfa32c8232d331f115df9,1,187,1,0
sense1-1,188,1746434400275417955,534,534,270854,68d5cee770876eff563b877cb542604b8dd018cf6a1f9aa04f4ae8b1f2e28d28,1,188,2,0
sense1-1,189,1746434400728622343,534,534,270854,68d5cee770876eff563b877cb542604b8dd018cf6a1f9aa04f4ae8b1f2e28d28,1,189,2,0
sense1-1,190,1746434401426877273,627,712,421765,afece2694d55f035e98d300e8818791492dafc1c83d7b72c2294d00fe32757e0,1,191,1,0
sense1-1,191,1746434402104165650,616,707,411195,d13108b98855dde207dfe3bc1398e3cb9c0a4bafcfb350729903a99842ccd8ee,0,,1,1
sense1-1,192,1746434402804364333,624,717,422692,a7e6d9bb702fea6bc08e6b8e7cc2589d726333e0978ff0a97dfbc187dc64133a,0,,2,1
sense1-1,193,1746434403500125800,624,717,422692,a7e6d9bb702fea6bc08e6b8e7cc2589d726333e0978ff0a97dfbc187dc64133a,0,,2,1
sense1-1,194,1746434403962779474,534,534,271747,2d58bc946968d52998a11a38bc41f2f06894237c84a46113b87394c22f55bcd7,1,196,2,0
sense1-1,195,1746434404417772148,534,534,271747,2d58bc946968d52998a11a38bc41f2f06894237c84a46113b87394c22f55bcd7,1,197,2,0
sense1-1,196,1746434404871109088,534,534,271973,34bbf0f0886a88e6646cf160f6c3a1d81e45c88650ceefe137563d8db474d0fd,1,198,4,0
sense1-1,197,1746434405305937629,534,534,271973,34bbf0f0886a88e6646cf160f6c3a1d81e45c88650ceefe137563d8db474d0fd,1,199,4,0
sense1-1,198,1746434405749016590,534,534,271889,2b2b7bed3842daa7a57322dbfebff18a0c28eb9eec2e8a8742b2744f560f12dd,1,200,4,0
sense1-1,199,1746434406198720584,534,534,271889,2b2b7bed3842daa7a57322dbfebff18a0c28eb9eec2e8a8742b2744f560f12dd,1,201,4,0
sense1-1,200,1746434406646722048,534,534,271889,2b2b7bed3842daa7a57322dbfebff18a0c28eb9eec2e8a8742b2744f560f12dd,1,202,4,0
sense1-1,201,1746434407094353960,534,534,271889,2b2b7bed3842daa7a57322dbfebff18a0c28eb9eec2e8a8742b2744f560f12dd,1,203,4,0
sense1-1,202,1746434407544034051,534,534,271973,34bbf0f0886a88e6646cf160f6c3a1d81e45c88650ceefe137563d8db474d0fd,1,204,4,0
sense1-1,203,1746434408008679738,534,534,271973,34bbf0f0886a88e6646cf160f6c3a1d81e45c88650ceefe137563d8db474d0fd,1,205,4,0
sense1-1,204,1746434408714563289,618,733,430331,95d978be8d4ef57c59012fb11f7d9c9c48a3f977db435cbadc86ef714e934fec,1,206,1,0
sense1-1,205,1746434409169954054,534,534,271727,134d1fddbbfc7fc470d5d001de2cc5ed8834a311f2a6db1f62a2d7e547744600,1,207,5,0
sense1-1,206,1746434409621247888,534,534,271727,134d1fddbbfc7fc470d5d001de2cc5ed8834a311f2a6db1f62a2d7e547744600,1,208,5,0
sense1-1,207,1746434410080931923,534,534,271727,134d1fddbbfc7fc470d5d001de2cc5ed8834a311f2a6db1f62a2d7e547744600,1,209,5,0
sense1-1,208,1746434410537141188,534,534,271369,aee4f1d6b991f9242b824793b908d438641e029aa31a29f153585ec1066ca76e,1,210,2,0
sense1-1,209,1746434411003368615,534,534,271369,aee4f1d6b991f9242b824793b908d438641e029aa31a29f153585ec1066ca76e,1,211,2,0
sense1-1,210,1746434411442835477,534,534,271726,f1717f2e0a27ee3fde4a9d9ea3a7f2b7fe0fe2e77c5189df4bee5f25edaf0cb8,1,212,1,0
sense1-1,211,1746434411912977203,534,534,271727,134d1fddbbfc7fc470d5d001de2cc5ed8834a311f2a6db1f62a2d7e547744600,1,220,5,0
sense1-1,212,1746434412368174255,534,534,271727,134d1fddbbfc7fc470d5d001de2cc5ed8834a311f2a6db1f62a2d7e547744600,1,221,5,0
sense1-2,0,1746434554194860880,534,534,281430,ea3f2028c3ab9c52338c7a528a81db5a67ab8ca770fce1e1566697b7b644b5a8,1,0,9,0
sense1-2,1,1746434554639345160,534,534,281430,ea3f2028c3ab9c52338c7a528a81db5a67ab8ca770fce1e1566697b7b644b5a8,1,1,9,0
sense1-2,2,1746434555202444641,534,534,281430,ea3f2028c3ab9c52338c7a528a81db5a67ab8ca770fce1e1566697b7b644b5a8,1,2,9,0
sense1-2,3,1746434555630537666,534,534,281430,ea3f2028c3ab9c52338c7a528a81db5a67ab8ca770fce1e1566697b7b644b5a8,1,3,9,0
sense1-2,4,1746434556165264016,534,534,281430,ea3f2028c3ab9c52338c7a528a81db5a67ab8ca770fce1e1566697b7b644b5a8,1,4,9,0
sense1-2,5,1746434556599296610,534,534,281430,ea3f2028c3ab9c52338c7a528a81db5a67ab8ca770fce1e1566697b7b644b5a8,1,5,9,0
sense1-2,6,1746434557161484047,534,534,281430,ea3f2028c3ab9c52338c7a528a81db5a67ab8ca770fce1e1566697b7b644b5a8,1,6,9,0
sense1-2,7,1746434557596129774,534,534,281430,ea3f2028c3ab9c52338c7a528a81db5a67ab8ca770fce1e1566697b7b644b5a8,1,7,9,0
sense1-2,8,1746434558179371277,534,534,281430,ea3f2028c3ab9c52338c7a528a81db5a67ab8ca770fce1e1566697b7b644b5a8,0,,9,1
sense1-2,9,1746434558608226516,534,534,281120,6ffead58a7dab19ab6ba420c8ed5162b8bdd82ac9c00d3f119a8001adf32df25,1,8,2,0
sense1-2,10,1746434559170674070,534,534,281120,6ffead58a7dab19ab6ba420c8ed5162b8bdd82ac9c00d3f119a8001adf32df25,1,9,2,0
sense1-2,11,1746434559611775278,534,534,281827,84e19efa0ed0ba5294d1535e1f61ac96e192dccf32517b5460ed91b9a8295129,1,10,1,0
sense1-2,12,1746434560180262385,534,534,282273,7ba7aa90be02514579660d52572183b891a66c28b0359d312d8744d115c3863a,1,11,1,0
sense1-2,13,1746434560616352120,534,534,280605,ab6260fcc713a14c1194056ea09ea44327516270a38dbd68c476a52c33ad070a,1,12,1,0
sense1-2,14,1746434561298795045,534,534,280919,523607938cda0e1c7e94c66ab4979035957de26b164a245d601b54e9cdc88fbe,1,13,1,0
sense1-2,15,1746434561740992160,534,534,281478,f10284788927b14abbae67ce9f1dccfeaa579413b188fab7c80a6cacb3709d92,1,14,1,0
sense1-2,16,1746434562187707855,534,534,280993,1bfb968443650dbf2bba66e110d97d6b8d3a16f138369a33fc53ebb76dc19577,1,15,1,0
sense1-2,17,1746434562636113589,534,534,281111,c09cd7c9c5a5cf7fe43578346564635cac04c22dc94cbbe451145b590e602b3a,1,16,1,0
sense1-2,18,1746434563186907784,534,534,281486,77fedd6ceaf54d2c8f9d04ffe518af725324e5c3420cc86821fe8d758efd2727,1,17,1,0
sense1-2,19,1746434563613662305,534,534,279603,0857c1d3f6d07787b9a0dc1d62b2886720dab9923be6ce58acef3e357e37ccce,1,18,1,0
sense1-2,20,1746434564188582734,534,534,280174,c38ebd927ea5413a4027fcce66f5dc679e8c640d13aefde6bbb8d328275ac7b6,1,19,1,0
sense1-2,21,1746434564607471958,534,534,280995,ff410c78f1297b2d8c0914c7348ca9a9dd522bf65d9b5a020d82b9b1e39c3143,1,20,1,0
sense1-2,22,1746434565173261993,534,534,279088,c1b7ebad0c43274e80a963d8d6e1a167bf06accd9cb263843ccc60d08a86a989,1,21,1,0
sense1-2,23,1746434565599937197,534,534,281145,0dcc7e5df4179e0437d6695443ff257f115861d42769cdd88ad231b45b1c177f,1,22,1,0
sense1-2,24,1746434566188111982,534,534,281113,47419333455f6d42d1ccd89ad59e4fe07cb72035d9c1de4049ad9b76e70c86e5,1,23,1,0
sense1-2,25,1746434566716849233,596,595,346783,76cdca646c36c706fb22e1bebb4caa2eaefd5c0b4d815e501f70148e00a44123,1,24,1,0
sense1-2,26,1746434567194150006,534,534,278235,88b3db8692f009be606db006c87da1549fa873f2fc3835a907d0172f1bc9f889,1,25,1,0
sense1-2,27,1746434567626415683,541,534,282155,81ddb013922e323a5d0559f07dbbd2a3d69c977102eb3ab6d0db4580667218e6,1,26,1,0
sense1-2,28,1746434568199493284,534,534,280942,a8f8ff53ef684b02617750824299d8c22c06518e8a1feabbe3330dc4ec9a5cc3,1,27,1,0
sense1-2,29,1746434568941636138,703,703,474578,92d098c278645e2f36b26303855ff53edbc0044c34d593a93d97192c46ec4bef,1,28,1,0
sense1-2,30,1746434569387211944,534,534,273173,ac4a7a05f828caf6210c905c885a6253128395966c5719cd1ba0b220d6b5994b,1,29,1,0
sense1-2,31,1746434569841432379,534,534,274367,b2bd875307bc3e036beade944acf0b2706ed857efee4956130ddfe35c8097231,1,30,1,0
sense1-2,32,1746434570306894147,534,534,274324,ab1276486942d410a0e2c3eef1c23a81bed153c964e93e2290f21981afe3eab4,1,31,1,0
sense1-2,33,1746434570977257280,680,680,444690,50a147ef2a4b774a2289fefbbc4cff32f29ff8009da6375c6b527c9f4991016a,1,32,1,0
sense1-2,34,1746434571400749827,534,534,274323,6f1c31c03999e2af312549ac89ee8d0ffd770a15f4ed9e39ded09c9ca0da7449,1,33,1,0
sense1-2,35,1746434571852148305,534,534,271958,65cd6459806cbad6789d980dbe459568b4f996cbb41f68f11d77dfc3c0c65e29,1,34,1,0
sense1-2,36,1746434572282532341,534,534,274123,edff116df92111fda8e6f875e3e2728d98190d7c4dc2df2177098c9a3b2254c3,1,35,1,0
sense1-2,37,1746434572721635807,534,537,274276,c816d413c75e8d5414f036041ceaa49bb1808afbf93522068017c5a17790d66d,1,36,1,0
sense1-2,38,1746434573335695801,622,622,371076,4dc0dcedeb59b66c7729a807e27fad79b568bba413d922860946535704b7cd85,1,37,1,0
sense1-2,39,1746434573955954351,663,623,394606,6be42178444f9d560add2250dad88d00b17c0263a7cf75848218e942c11172ab,0,,1,1
sense1-2,40,1746434574388524915,534,534,273402,5d0e64768368ee6a02a2992d170ae3515ca0767f90c0c6c15763123cc80f283d,1,39,5,0
sense1-2,41,1746434574811371349,534,534,273402,5d0e64768368ee6a02a2992d170ae3515ca0767f90c0c6c15763123cc80f283d,1,40,5,0
sense1-2,42,1746434575245095622,534,534,273400,1afd2694b3a86c7d56120f567d5282c01142d46b72102d4370ab23ad9a944064,1,41,2,0
sense1-2,43,1746434575678689512,534,534,273400,1afd2694b3a86c7d56120f567d5282c01142d46b72102d4370ab23ad9a944064,1,42,2,0
sense1-2,44,1746434576208795364,534,534,273402,5d0e64768368ee6a02a2992d170ae3515ca0767f90c0c6c15763123cc80f283d,1,43,5,0
sense1-2,45,1746434576640035977,534,534,273402,5d0e64768368ee6a02a2992d170ae3515ca0767f90c0c6c15763123cc80f283d,1,44,5,0
sense1-2,46,1746434577186884912,534,534,273402,5d0e64768368ee6a02a2992d170ae3515ca0767f90c0c6c15763123cc80f283d,1,45,5,0
sense1-2,47,1746434577950839566,717,717,493060,15d88e5078f5384c71cc910aa2ee73c6ea3c804c2728d3ccc0bcc10cd4624be1,1,46,1,0
sense1-2,48,1746434578762193482,719,750,521437,680bf12cc91a4b526d49242edda2959d7ef6acdb3c66cf34d5798cda3ac13546,1,47,1,0
sense1-2,49,1746434579199548412,534,534,275050,20fed68d40447ffe610424a611fe6820a51bfc1b361ec9569d79d9953c0b0973,0,,1,1
sense1-2,50,1746434579635687692,534,534,274615,3c20a1e30c55dd29be297e6993fe33b222ce3830fd101259ec11ea4e16f4540d,1,49,1,0
sense1-2,51,1746434580070155273,534,534,274551,bc8694968d86a7adde73d168ee6f444ff20241963cb1cf0128dee2e888479eaa,1,50,2,0
sense1-2,52,1746434580506269824,534,534,274551,bc8694968d86a7adde73d168ee6f444ff20241963cb1cf0128dee2e888479eaa,1,51,2,0
sense1-2,53,1746434581147201439,660,660,414919,4fe6722a8e0efe0d531d64fa53e81fed471191db9abd6e74165942cae0e35918,1,52,1,0
sense1-2,54,1746434581583034566,534,534,270410,f4a72e2a5b43d8ba3cffbba06e2073df9a8cf7d72d0ca879ceff0b9f6dac82f6,1,53,1,0
sense1-2,55,1746434582027973041,534,534,272516,17621420e0e6552b45fd10cebbc0e29cf3f2e935e8d93e7e2bb4d526797bd5df,1,54,1,0
sense1-2,56,1746434582464222156,534,534,272516,da5d81065bed239195ac46456b8d59a841d6da65227fe532379ce21124d4e022,1,55,1,0
sense1-2,57,1746434582903829012,534,534,274577,88f0132afaaed154036967c45e08b779bbc7de94826053e34b9062a1b224103f,1,56,2,0
sense1-2,58,1746434583365622897,534,534,274577,88f0132afaaed154036967c45e08b779bbc7de94826053e34b9062a1b224103f,1,57,2,0
sense1-2,59,1746434583799937308,534,534,273485,14ff7015fed8e8399e6e597d4b1eeb3bf7f9977c528c3ab87709e610440c16f9,1,58,4,0
sense1-2,60,1746434584257861762,534,534,273485,14ff7015fed8e8399e6e597d4b1eeb3bf7f9977c528c3ab87709e610440c16f9,1,59,4,0
sense1-2,61,1746434584711713896,534,534,273485,14ff7015fed8e8399e6e597d4b1eeb3bf7f9977c528c3ab87709e610440c16f9,1,60,4,0
sense1-2,62,1746434585227097318,534,534,273485,14ff7015fed8e8399e6e597d4b1eeb3bf7f9977c528c3ab87709e610440c16f9,1,61,4,0
sense1-2,63,1746434585665657436,534,534,274615,583ef1a714b98de2d3a69c82d89a45235335236fba59c0f26f0af2fdc8918002,1,62,1,0
sense1-2,64,1746434586194722559,534,534,274616,510b0b864cefb0e2df0fcb219defb5f210c4e4388c78d101a384d715cee798a8,1,63,1,0
sense1-2,65,1746434586631320074,534,534,273638,03f8e741f31b858178a84b8fa6c5ae35505ab0985953ea4a36e2668d8f602590,1,64,1,0
sense1-2,66,1746434587203741953,534,534,273637,4f7a6d1249ffa0edfb251f462d9b6c0b1a498fe34f9955ac9246e26f82a74a0f,1,65,1,0
sense1-2,67,1746434587637748290,534,534,273030,efb74c95813538a0f3ae0ff889e0d28a89152261f26cb328f1847493b0a85939,1,66,1,0
sense1-2,68,1746434588203109537,534,534,273117,949b52dd6f6061fd796219b75f25d8fa82e11417cf00fb098f38eec1964b10b3,1,67,1,0
sense1-2,69,1746434588642456751,534,534,275775,c5c9094a7fc51b3e1d6aa7046531656ad6bfb413d4e61b70de51e1b4f6f838a8,1,68,2,0
sense1-2,70,1746434589198780723,534,534,275775,c5c9094a7fc51b3e1d6aa7046531656ad6bfb413d4e61b70de51e1b4f6f838a8,1,69,2,0
sense1-2,71,1746434589642937893,534,534,276341,7f975b73c394605f29d05a0c43b12d354f8ddc6f6dd508ac9c411ac1b8eaf970,1,70,6,0
sense1-2,72,1746434590200062138,534,534,276341,7f975b73c394605f29d05a0c43b12d354f8ddc6f6dd508ac9c411ac1b8eaf970,1,71,6,0
sense1-2,73,1746434590632721648,534,534,276893,0cdc9e399ac6ced76ec57f29c1a99d5044ad64bce941961ab00ce96bacbbddc6,1,72,1,0
sense1-2,74,1746434591282095155,534,588,299097,05147a7e431b49aededa8e57d174c85e140ed78ef080c84b7572acc95b47dfac,1,73,1,0
sense1-2,75,1746434591703099756,534,534,276341,7f975b73c394605f29d05a0c43b12d354f8ddc6f6dd508ac9c411ac1b8eaf970,1,74,6,0
sense1-2,76,1746434592213142106,534,534,276341,7f975b73c394605f29d05a0c43b12d354f8ddc6f6dd508ac9c411ac1b8eaf970,1,75,6,0
sense1-2,77,1746434592645224594,534,534,276341,7f975b73c394605f29d05a0c43b12d354f8ddc6f6dd508ac9c411ac1b8eaf970,1,76,6,0
sense1-2,78,1746434593192928886,534,534,276341,7f975b73c394605f29d05a0c43b12d354f8ddc6f6dd508ac9c411ac1b8eaf970,1,77,6,0
sense1-2,79,1746434593630273164,534,534,274803,edf22ac4a7248093186e9badf98019a66d239e4a9e587e50d878c13d1fb03344,1,78,1,0
sense1-2,80,1746434594301304966,534,534,274810,75a477830c157bca9e6e6ac470e4f5815179bbb224c1eee85095fa80603ba9da,1,79,1,0
sense1-2,81,1746434594742524597,534,534,275781,ff9a82815ea48d1539596414a97b34e479c520a493ed2f84f473496f52e38bd5,1,80,1,0
sense1-2,82,1746434595206530398,534,534,275783,3060cb9ea096cf39a63c243f5c28727ad19efcd281b14ad67661a5aa87865db6,1,81,1,0
sense1-2,83,1746434595644760633,534,534,273765,42d0ba523c9bd1f8551e7b3cd85dbded320e350728a00f164e844da0c825434d,1,82,1,0
sense1-2,84,1746434596207444395,534,534,273763,5ccd900d8793972737f495fb63f9db7468baf40f201d5bfe53dacdceef7e426a,1,83,1,0
sense1-2,85,1746434597155233868,790,787,588155,99c811a286baf720f4be34a13efeb384c0da270ce6636df400cbc977210d2da5,1,84,1,0
sense1-2,86,1746434597579490688,534,534,270292,c228de68a79bbe39215935a761c7e57661a2c64cbcd7f3c17c0124a0c88190ae,1,85,1,0
sense1-2,87,1746434598017113023,534,534,274490,f44c613098915adc4eab46cb540cf28aa562f38f62afbe607ebd1b5ee0b011d9,1,86,1,0
sense1-2,88,1746434598516923298,557,583,304604,0e62ac1a7c7d9681e0db14dd869ff3b16ce80f651f54cf1caeda6d61f8f13e96,1,87,1,0
sense1-2,89,1746434598959403947,534,534,274414,9493cbc6948f402ecc51a0d9e7daf1be302aef57d5c1e47356193641ec40f1f0,1,88,1,0
sense1-2,90,1746434599388960214,534,534,274413,b9351157a5862e1fe37a0ea418bf53fd8dff390068bc83c6873b9613b1747ae4,1,89,1,0
sense1-2,91,1746434599831662881,534,534,275183,252266973c0e6a436e9c1d9d8edcfe2c21ae6bfa91d4a9e928a572ab5bd9a64b,1,90,2,0
sense1-2,92,1746434600274642781,534,534,275183,252266973c0e6a436e9c1d9d8edcfe2c21ae6bfa91d4a9e928a572ab5bd9a64b,1,91,2,0
sense1-2,93,1746434601222703982,736,859,604251,d8c479bfaa4afd7c71c4819eebb6a0116be649c7b88d302f09bbd7ef132a05f6,1,92,1,0
sense1-2,94,1746434601667605642,534,534,269272,38fca9c2334f6dd5d97207fe3bd023c693daf1ce8931c0923541e13166d723b5,1,93,1,0
sense1-2,95,1746434602502810829,750,731,524153,a07a5e509f88de904ecde54f542da59b221204060f20483e5198c82cc84ee54b,1,94,1,0
sense1-2,96,1746434603495450670,742,900,638989,722bd24b05efcdef3873cc90476cdf1ae0c875034230c9cc9144eba8afa8d2c4,1,95,1,0
sense1-2,97,1746434603983623631,534,616,312315,318cc88d1d9634926e06b8998a4787f874dcef45c7084cb539984a7a91fb9077,1,96,1,0
sense1-2,98,1746434604673865160,659,702,438752,5e66b8bac09560ba618af61ab8cad95f8927face64da0272f60384db907e35d7,1,97,1,0
sense1-2,99,1746434605427595924,706,706,471739,05d3f7fbb033f2e0248423c15cccec061ce1a2487a4da503fb2c8267764a5832,1,98,1,0
sense1-2,100,1746434606453576226,737,847,594305,5423fbe5297f5fdb7f3048afc7d4ccf72dece279b35266d5e97ba783c49689ff,1,101,1,0
sense1-2,101,1746434606920431546,534,534,273160,d33b1d3ae0eadc6ad7b5c7715e9a0050a9d68f8025a7d907da12876cff8fadf1,1,102,1,0
sense1-2,102,1746434607927598940,714,936,639203,daca80e1bf77a160bb94d738db2731ceb0b99df1d4651a1266063f19eb8914c1,1,103,1,0
sense1-2,103,1746434608753675520,731,775,543504,758a82b48e1ce5ef34b518e7862baeb7b1640f6e88b7d32f0373c4bcf8f4aec1,1,104,1,0
sense1-2,104,1746434609225970117,534,534,273938,318137fa4b411bbfd40921323c4845388ac60a5a9dc7051c9fd734f6c74c8344,1,105,1,0
sense1-2,105,1746434609709983135,534,534,273265,cf3de98de0f25c293c51a1224c1f3a88c0e2c4e5c8a39b825245eff800787d2b,1,107,1,0
sense1-2,106,1746434610164543955,534,534,271535,88b5c00a302076137cbf8fc340f74b08eaf8734310a4f4ada6e98c14f649b538,1,108,2,0
sense1-2,107,1746434610607147033,534,534,271535,88b5c00a302076137cbf8fc340f74b08eaf8734310a4f4ada6e98c14f649b538,1,109,2,0
sense1-2,108,1746434611459517224,534,534,271615,f283b0213215eb4dba30a389544df21befab276f9d5eefd5a829f5253e114620,1,114,2,0
sense1-2,109,1746434612295852937,534,534,271615,f283b0213215eb4dba30a389544df21befab276f9d5eefd5a829f5253e114620,1,115,2,0
sense1-2,110,1746434612746120305,534,534,271613,46eb8e38cbea6cf796d759f0101dcd7485614d8c138d63b2dd2485127dc45f77,1,116,2,0
sense1-2,111,1746434613213434560,534,534,271613,46eb8e38cbea6cf796d759f0101dcd7485614d8c138d63b2dd2485127dc45f77,1,117,2,0
sense1-2,112,1746434613670079272,534,534,271637,41c8893dc2bfece387e0fb05666d747fb4472c3f5feadfd8571b1b4c39e5a0b6,1,118,5,0
sense1-2,113,1746434614223858846,534,534,271637,41c8893dc2bfece387e0fb05666d747fb4472c3f5feadfd8571b1b4c39e5a0b6,1,119,5,0
sense1-2,114,1746434614678587184,534,534,271637,41c8893dc2bfece387e0fb05666d747fb4472c3f5feadfd8571b1b4c39e5a0b6,1,120,5,0
sense1-2,115,1746434615226097650,534,534,271637,41c8893dc2bfece387e0fb05666d747fb4472c3f5feadfd8571b1b4c39e5a0b6,1,121,5,0
sense1-2,116,1746434615682785699,534,534,271637,41c8893dc2bfece387e0fb05666d747fb4472c3f5feadfd8571b1b4c39e5a0b6,1,122,5,0
sense1-2,117,1746434617202799575,534,534,271638,78ee543c65caed69436b5c2de59b5986879ecde4610db0d80460600437ee4478,1,125,2,0
sense1-2,118,1746434617650172592,534,534,271638,78ee543c65caed69436b5c2de59b5986879ecde4610db0d80460600437ee4478,1,126,2,0
sense1-2,119,1746434619208477079,534,534,272225,d30dd405f2e8a4912b6505e2988e1194bd1e618707f607b9b096ba4c81976296,1,129,5,0
sense1-2,120,1746434619645669826,534,534,268757,0d11e2d52f5cc942b050e80fa680a3ea35256684af817ac312f906608bcb4d5a,1,130,1,0
sense1-2,121,1746434620198183597,534,534,271806,a7cf65c4bf6fc290d72d7580a97542b992273488fb126a1d96447d46070e8abd,1,131,1,0
sense1-2,122,1746434620634126610,534,534,272225,d30dd405f2e8a4912b6505e2988e1194bd1e618707f607b9b096ba4c81976296,1,132,5,0
sense1-2,123,1746434621208131824,534,534,272225,d30dd405f2e8a4912b6505e2988e1194bd1e618707f607b9b096ba4c81976296,1,133,5,0
sense1-2,124,1746434621654812712,534,534,272225,d30dd405f2e8a4912b6505e2988e1194bd1e618707f607b9b096ba4c81976296,1,134,5,0
sense1-2,125,1746434622207077358,534,534,272225,d30dd405f2e8a4912b6505e2988e1194bd1e618707f607b9b096ba4c81976296,1,135,5,0
sense1-2,126,1746434622648887148,534,534,272602,dfd2569cc27c80ad61e4894e7f6b405cbfda323d998a07b587ff1dda6ea1f8e6,1,136,1,0
sense1-2,127,1746434623224907392,534,534,272601,0611246c63964097f03e33df5991c006f1aac61af4faabb4494ff844ba083525,1,137,1,0
sense1-2,128,1746434623664748483,534,534,272950,b6f9c974af14cbf84193a0cb13603b5dfb325498065db7c5141bf0a28569ce42,1,138,1,0
sense1-2,129,1746434624443449999,534,534,274520,580be41ca37628f30c5f747111dc8b5ea3d75e66b7a61a1317acaf53e9a02a11,1,140,1,0
sense1-2,130,1746434625338487283,590,640,356226,8c6cd1fd8ea4e3319eab8c8e0ea60cc57de1cb9925d539f8967c0743bafd4032,1,141,1,0
sense1-2,131,1746434625797106526,534,534,274418,8a28ffcfab73f301ee2d5a14bf38856f2ddf82652b8d1574c527af39ee62282c,1,142,2,0
sense1-2,132,1746434626234323701,534,534,274418,8a28ffcfab73f301ee2d5a14bf38856f2ddf82652b8d1574c527af39ee62282c,1,143,2,0
sense1-2,133,1746434626678013791,534,534,273575,ad8b525e3918f59fe11657b88396bf4006f00a8c786d72fe7730e308e1e30ab8,1,144,1,0
sense1-2,134,1746434627390228980,601,663,375334,97a0ae85443f11258ecb7df75cba8c33a3156be1dfddf9040394d8a265392c94,1,145,1,0
sense1-2,135,1746434627860220691,534,534,272916,bbd1c89240d2a5af81403e45cb5df8ec3a16e2a5aec695e6bec4afbcc4c55884,1,146,2,0
sense1-2,136,1746434628307133187,534,534,272916,bbd1c89240d2a5af81403e45cb5df8ec3a16e2a5aec695e6bec4afbcc4c55884,1,147,2,0
sense1-2,137,1746434628954696761,603,675,384309,51d5f31a24efcfa19ee7ac168097f991dbbcf6f20d7d78c04dfbc13821c0ef14,1,148,2,0
sense1-2,138,1746434629587766930,603,675,384309,51d5f31a24efcfa19ee7ac168097f991dbbcf6f20d7d78c04dfbc13821c0ef14,1,149,2,0
sense1-2,139,1746434630054610785,534,534,272234,715955631a06f8f68fc250085d0507c9f7d56ff1bc74fbc6af15a6c86288d851,1,150,1,0
sense1-2,140,1746434630504930863,534,534,272235,ceee7f1bce15ad38fa302dc3515787e3d1bff0523553f06088d159954f2afb1c,1,151,1,0
sense1-2,141,1746434631125803660,597,679,383013,22b0b048ed5e2e01bc6d48ede31629b640f7cde7e5e016fe7893785b161ca471,1,152,1,0
sense1-2,142,1746434631781880999,612,685,395641,f24a5296ed3b2e78aceef96feaabda929fd736195c8b01e49d0e2f87a444baa4,1,153,1,0
sense1-2,143,1746434632233689552,534,534,273887,6323679c1c69632d877ddb719fb21b1b7ac717a43f069822e8aaced4772f124c,1,154,1,0
sense1-2,144,1746434632682145926,534,534,273888,5b0e5431008c69b02d5b4b48c89eabec0a1e32d97537d311cdc0a5e79edb9aa7,1,155,1,0
sense1-2,145,1746434633378506193,625,708,418652,ea4d2d046cec6133572a22d6767aa20461cd253ebc20eae4068c352405bf4d98,1,156,1,0
sense1-2,146,1746434633813836469,534,534,274136,c46acd4855d785a5ed96783e2fec7914e9b2e48ca5d58c703fe37bafea566de4,1,157,1,0
sense1-2,147,1746434634452501541,603,698,399236,336d39a86dbfdbc76dbf3e04df12d47a8ee9ac2d674277bdacf16e8dff2989b6,1,158,1,0
sense1-2,148,1746434635081318288,598,691,391367,568ac921a186d27eeb1519c02d0bf8f7029d4d7310b8d88b56a0ba75b1431db6,1,159,1,0
sense1-2,149,1746434635735163975,591,700,391163,1e2e5b6d7cf59d0f51946bf18e1e8caaa07cdd0cb9caef1dbb22b3245ee2e9bb,1,160,1,0
sense1-2,150,1746434636393468795,591,699,391240,1039666ac77c70fdc7508e6acb368a294863439262aeab1f42817070d50d7c48,1,161,1,0
sense1-2,151,1746434637051012825,576,691,375885,bb193d8adc97969583137fcab2037a881dd87452cd9ac88ba3ba9238a87a20f2,1,163,1,0
sense2-1,0,1746435513267897436,534,534,282270,dd13e33de0eb9c6bffff27b08e554e1a08e5241af504bf4d8912063043efa756,0,,9,1
sense2-1,1,1746435513684707597,534,534,282270,dd13e33de0eb9c6bffff27b08e554e1a08e5241af504bf4d8912063043efa756,1,0,9,0
sense2-1,2,1746435514258472239,534,534,282270,dd13e33de0eb9c6bffff27b08e554e1a08e5241af504bf4d8912063043efa756,0,,9,1
sense2-1,3,1746435514672930565,534,534,282270,dd13e33de0eb9c6bffff27b08e554e1a08e5241af504bf4d8912063043efa756,1,1,9,0
sense2-1,4,1746435515259778265,534,534,282270,dd13e33de0eb9c6bffff27b08e554e1a08e5241af504bf4d8912063043efa756,1,2,9,0
sense2-1,5,1746435515676638744,534,534,282270,dd13e33de0eb9c6bffff27b08e554e1a08e5241af504bf4d8912063043efa756,1,3,9,0
sense2-1,6,1746435516262564349,534,534,282270,dd13e33de0eb9c6bffff27b08e554e1a08e5241af504bf4d8912063043efa756,1,4,9,0
sense2-1,7,1746435516671874715,534,534,282270,dd13e33de0eb9c6bffff27b08e554e1a08e5241af504bf4d8912063043efa756,1,5,9,0
sense2-1,8,1746435517285575777,534,534,282270,dd13e33de0eb9c6bffff27b08e554e1a08e5241af504bf4d8912063043efa756,0,,9,1
sense2-1,9,1746435517694663605,534,534,282346,f793fa091642d6767759c3567bb4063e2ceb2245af1c5e688d07fb63e396862d,1,6,2,0
sense2-1,10,1746435518280652675,534,534,282346,f793fa091642d6767759c3567bb4063e2ceb2245af1c5e688d07fb63e396862d,1,7,2,0
sense2-1,11,1746435518712385081,534,534,280166,59a7f557c750307fcdbf1c825d883a62a944309a880887cc3b65b47845006ff0,1,8,1,0
sense2-1,12,1746435519644122197,697,697,476308,54714d4f35fc5934f43f2410dc660e8d60fca40fa23c031f23de50d02f09ddae,1,9,1,0
sense2-1,13,1746435520143786887,596,575,334887,71133bf33c4f52b7eb895bedb2376d75b2eed124a7bceb839af54171ffb99867,1,10,1,0
sense2-1,14,1746435520565445041,534,534,279589,aa951dac91c90a1561b5ad1bd095f60173e2671381a102b602a9ead0de5680c4,1,11,1,0
sense2-1,15,1746435521150733046,632,632,391244,aa3af9f925cc38b094bd5b7dfa8db4bc895889afaba7114232d7225747a2ddb0,1,12,1,0
sense2-1,16,1746435521559249127,534,534,279855,c2b61b5bbad15b9297e18c5d81d77609c84d17496a8b66d59a4c524c2c5f7034,1,13,1,0
sense2-1,17,1746435523013506810,1008,1008,1003162,6d52159820c0e5ad0d5c0cc36b8a88e74c6b8eafc7065b7c9e3231cccbe23dce,1,14,1,0
sense2-1,18,1746435523425723947,534,534,279666,d21ddd08543e9893c5e3137ad1220eccf4ec81b6644d726a3a0fa71275a791a2,1,15,1,0
sense2-1,19,1746435523859220587,534,534,280198,ae5598836a8b62c1aef27398d8d4059dc3251756eeab7416488051131293351b,1,16,1,0
sense2-1,20,1746435524427955961,627,626,383832,036083b907d9c8a06b89063b1720688b71da855933675e8fa81a3fc240c63501,1,17,1,0
sense2-1,21,1746435525669097597,920,920,832260,3b7c31637341614d9638573d1df6cf3ce82ff2d7c5b0bb4a985a2c7cdf353af2,1,18,1,0
sense2-1,22,1746435526093987512,534,534,278990,9036c113843bb14bf2c6dad3b2ba751b5a40e524b7304423fabecc46a97d1a50,1,19,1,0
sense2-1,23,1746435526505617733,534,534,279442,324c101e071809601a2fc596ce9e73cf6f3fb98cffab5051bf59c23a7ac4e8c3,1,20,2,0
sense2-1,24,1746435526927767573,534,534,279442,324c101e071809601a2fc596ce9e73cf6f3fb98cffab5051bf59c23a7ac4e8c3,1,21,2,0
sense2-1,25,1746435527338412276,534,534,279232,5584ddee565a9afe9e637c0391bea55a50788f06fa866d17b24ce387404dc842,1,22,1,0
sense2-1,26,1746435527766117914,534,534,277925,4315b6077ac6c9cf21b00af1994ef9e5aa3ca3e7b36ab7d23b760d6a3965f189,1,23,1,0
sense2-1,27,1746435528336892087,629,629,384558,0986f6932fdb7b4f0a3f3b1a2537de09b414c2afc8b79d342d3656d895bd751d,1,24,1,0
sense2-1,28,1746435528758310986,536,534,278402,ff5bf3432bfda40a0114f53ef27d62aec6db7e39652f550a9f287c47c3bbd57d,1,25,1,0
sense2-1,29,1746435529226796580,534,534,279742,efe6bd1e3b9976cec381cbc7e8ce4002b36f8d69ace3bea637a1326464137e58,1,26,2,0
sense2-1,30,1746435529644345763,534,534,279742,efe6bd1e3b9976cec381cbc7e8ce4002b36f8d69ace3bea637a1326464137e58,1,27,2,0
sense2-1,31,1746435530075130636,534,534,277879,e991449d948b683535b5f3e2f950b44fe905eaaa55451d852839b677ba59ba8e,1,28,2,0
sense2-1,32,1746435530498581159,534,534,277879,e991449d948b683535b5f3e2f950b44fe905eaaa55451d852839b677ba59ba8e,0,,2,1
sense2-1,33,1746435530921462868,534,534,278352,ff77152d1ccdff18e3e8ecb251efb02bf7677ba4ea901e6589bc0e1213a11a31,1,30,1,0
sense2-1,34,1746435531343801204,534,534,278539,636e0b2840dd878e7b5715c9e8596885b01e5cfc5092d5af05e8779a3e22ec22,1,31,1,0
sense2-1,35,1746435531780841411,534,534,278430,5a30fa3854ae76eed49073b2dcc1ed28d8369219ff56eb7abf0b41bdcf7926f6,1,32,2,0
sense2-1,36,1746435532204949055,534,534,278430,5a30fa3854ae76eed49073b2dcc1ed28d8369219ff56eb7abf0b41bdcf7926f6,0,,2,1
sense2-1,37,1746435532614939554,534,534,278585,a0f2d6162ae6623fb04eb03434bd1f2f6e3777f634390164bd53100efd51db66,1,34,2,0
sense2-1,38,1746435533048559536,534,534,278585,a0f2d6162ae6623fb04eb03434bd1f2f6e3777f634390164bd53100efd51db66,1,35,2,0
sense2-1,39,1746435533475061747,534,534,277730,c34ff2b243dbb03420e7377746e3c4ed7f9df4f40fc3311d019d2d5d79fda6c5,1,36,1,0
sense2-1,40,1746435533908494537,534,534,278134,af9806c33667043b8c51e553a8d08aeab81e033848e8440b48db19989da615c3,0,,1,1
sense2-1,41,1746435534333019568,534,534,277491,20182ea7259e70776a2035aec64a55f1c336192376840ec2f9dce4f20579fd47,1,37,2,0
sense2-1,42,1746435534752158994,534,534,277491,20182ea7259e70776a2035aec64a55f1c336192376840ec2f9dce4f20579fd47,1,38,2,0
sense2-1,43,1746435535185686076,534,534,277214,2b3d041ccaf845776bfc6c7a9bb4b6b45e5cb99c60ffc23118f690b33e78498f,1,40,1,0
sense2-1,44,1746435535619828631,534,534,277217,43ba81a9a7854270b597c8c3598ad59cdbfb23b84cfd5009f0e5c78de0d8f368,0,,1,1
sense2-1,45,1746435536061860252,534,534,277839,63f75041abcc4ba6ae70410655402755d255a48dcf673bb23587f44de7462be6,1,42,2,0
sense2-1,46,1746435536493198756,534,534,277839,63f75041abcc4ba6ae70410655402755d255a48dcf673bb23587f44de7462be6,1,43,2,0
sense2-1,47,1746435536918917556,534,534,277536,f9f26fe40411e5c57c5a4b36486a6355e823ff1d7053f79d4075e1b997abc903,1,44,2,0
sense2-1,48,1746435537333722895,534,534,277536,f9f26fe40411e5c57c5a4b36486a6355e823ff1d7053f79d4075e1b997abc903,1,45,2,0
sense2-1,49,1746435537755796136,534,534,276152,8ad1188e3308b4972df0b6d46c8b93361c3f06133dc3aa57e0200762ade87685,1,46,1,0
sense2-1,50,1746435538314583977,534,534,276131,ae6605c5a59863e72f41b8918cf4250a0303d5c9d993a015efd30646388e0775,1,47,1,0
sense2-1,51,1746435538729210126,534,534,276132,b0d2e8a1fbdab975e9b9383b0bd3cace2d1576ac382b9dd9522965df6952bb2d,1,48,2,0
sense2-1,52,1746435539290523555,534,534,276132,b0d2e8a1fbdab975e9b9383b0bd3cace2d1576ac382b9dd9522965df6952bb2d,1,49,2,0
sense2-1,53,1746435539794473745,632,534,325819,b2afaf924ba648ea34f2b544f7b7b64ae4717b5d1a6c7b1bc07dc2ea37008f21,1,50,1,0
sense2-1,54,1746435540291958277,534,534,276567,96e03cdb50ec5f2d13d9176fd15148b6c4cec2292d3855d99ac886b51bf710ac,1,51,1,0
sense2-1,55,1746435540723454070,534,534,277155,4eafdda2a3c3bb4313697df97609f9f9e9aecb60eb545551d1fc855bd1d09e06,1,52,1,0
sense2-1,56,1746435541324139383,534,534,276592,db8663b024651c1fe125c17f7b0abfaaddf38e3b71434ca886c416928c1febf8,1,53,2,0
sense2-1,57,1746435541746587479,534,534,276592,db8663b024651c1fe125c17f7b0abfaaddf38e3b71434ca886c416928c1febf8,1,54,2,0
sense2-1,58,1746435542322106551,534,534,276590,ad555ed8b0983f582c2b452b5b520a1c493fe47b1f9dff0441ae44b11da3733f,1,55,1,0
sense2-1,59,1746435542939988306,659,649,412147,ec431b05450aaa8e883f2058931dae3b69770208f8469985922d0105cc815f03,1,56,2,0
sense2-1,60,1746435543560975464,659,649,412147,ec431b05450aaa8e883f2058931dae3b69770208f8469985922d0105cc815f03,1,57,2,0
sense2-1,61,1746435543996754048,534,534,275583,0fa9b6bbba3161524fd2c368acc7b15a990ea267ccbc397d002cf3ecbc36715f,1,58,1,0
sense2-1,62,1746435544455282225,581,534,297754,012b3ff547ecab72a28fecef5b7552c4e7f7d60976f768d773ec595e356f47d8,0,,1,1
sense2-1,63,1746435544895614941,555,534,281458,e1abfa5e4851d247f1ee09239004aa60ef406c431381fe94093066a28e1a40bb,1,60,1,0
sense2-1,64,1746435545315640932,534,534,275245,90f4bf93367edabace6eb3dd36cbbf5f543ac0f22cb8d62d29637d1ac252a16e,0,,1,1
sense2-1,65,1746435545811859691,586,534,298204,40e908b0582bc30c50dac923f33c107b419f5ab97eaa2c280e674aafc4aec731,1,62,1,0
sense2-1,66,1746435546492907436,684,599,392425,96b8ceed1ca71881bc2088d553c873617fdbe6265f4dc2158f20fd4d361b4b5a,1,63,1,0
sense2-1,67,1746435546929359089,549,534,278436,7b56ee5e7d834f17e80130b4058b28995b2896c7120f19f523894902c29a41e1,1,64,1,0
sense2-1,68,1746435547427510829,534,534,274379,4f3d77cb8dbf0a8c1ef6ffccd18528638ac196936c21d67e8bc37fd5be44daea,1,65,2,0
sense2-1,69,1746435547857697383,534,534,274379,4f3d77cb8dbf0a8c1ef6ffccd18528638ac196936c21d67e8bc37fd5be44daea,1,66,2,0
sense2-1,70,1746435548292145165,552,534,280259,f5fdda66ce4c15895295ef3dddf174330458c56b59124d423b61c3637581a130,1,67,1,0
sense2-1,71,1746435548717433998,543,534,275608,acc7eedc41f9bb4d3a84e0716b9be09a849971c94acfaf78fd55acba5e36cf22,1,68,1,0
sense2-1,72,1746435549275938847,540,534,275983,164aeefc8ab09d6282fc8f42dde4e5d16591fe41db7c5cb9993199096ec87141,1,69,8,0
sense2-1,73,1746435549709658280,540,534,275983,164aeefc8ab09d6282fc8f42dde4e5d16591fe41db7c5cb9993199096ec87141,1,70,8,0
sense2-1,74,1746435550283061574,540,534,275983,164aeefc8ab09d6282fc8f42dde4e5d16591fe41db7c5cb9993199096ec87141,1,71,8,0
sense2-1,75,1746435550735890806,540,534,275983,164aeefc8ab09d6282fc8f42dde4e5d16591fe41db7c5cb9993199096ec87141,1,72,8,0
sense2-1,76,1746435551282136152,540,534,275983,164aeefc8ab09d6282fc8f42dde4e5d16591fe41db7c5cb9993199096ec87141,1,73,8,0
sense2-1,77,1746435551718137372,540,534,275983,164aeefc8ab09d6282fc8f42dde4e5d16591fe41db7c5cb9993199096ec87141,1,74,8,0
sense2-1,78,1746435552299717021,539,538,274801,572ad9f588326a2e19a7361a759ecb9172f488ec2d47ff7112de79301d618221,1,75,2,0
sense2-1,79,1746435552737315627,539,538,274801,572ad9f588326a2e19a7361a759ecb9172f488ec2d47ff7112de79301d618221,1,76,2,0
sense2-1,80,1746435553310666994,540,534,275983,164aeefc8ab09d6282fc8f42dde4e5d16591fe41db7c5cb9993199096ec87141,1,77,8,0
sense2-1,81,1746435553732637351,540,534,275983,164aeefc8ab09d6282fc8f42dde4e5d16591fe41db7c5cb9993199096ec87141,1,78,8,0
sense2-1,82,1746435554313833269,542,540,277458,d0facf087a64f7fc63d0a54490c36c4acaa5208193b589a0b9fb79d83c4e982f,1,79,5,0
sense2-1,83,1746435554758223916,542,540,277458,d0facf087a64f7fc63d0a54490c36c4acaa5208193b589a0b9fb79d83c4e982f,1,80,5,0
sense2-1,84,1746435555306504201,542,540,277458,d0facf087a64f7fc63d0a54490c36c4acaa5208193b589a0b9fb79d83c4e982f,1,81,5,0
sense2-1,85,1746435555756434383,542,540,277458,d0facf087a64f7fc63d0a54490c36c4acaa5208193b589a0b9fb79d83c4e982f,1,82,5,0
sense2-1,86,1746435556326252189,542,540,277458,d0facf087a64f7fc63d0a54490c36c4acaa5208193b589a0b9fb79d83c4e982f,1,83,5,0
sense2-1,87,1746435556968681898,621,695,414193,13025b47e7bf70abccaba51f804ebbdbfb9c19e83913b2a7a32253b4d7c4382f,1,84,2,0
sense2-1,88,1746435557587199638,621,695,414193,13025b47e7bf70abccaba51f804ebbdbfb9c19e83913b2a7a32253b4d7c4382f,1,85,2,0
sense2-1,89,1746435558008799917,534,534,273159,4f029847b91a8d969f56d5faa46358a3681df1433fe57105e932bf0e64735bc5,1,86,2,0
sense2-1,90,1746435558425910634,534,534,273159,4f029847b91a8d969f56d5faa46358a3681df1433fe57105e932bf0e64735bc5,1,87,2,0
sense2-1,91,1746435558909295511,558,563,298719,d9f0eab1e52ee462b4d0bafa116db93a5e646323b90d56330a9c73e683f7adc1,1,88,1,0
sense2-1,92,1746435559702636298,741,741,526109,9ef65e7cded423ff84fddaeb4d8a0f2ac7c56eb2a14d06f1656f6c9224276aae,1,89,1,0
sense2-1,93,1746435560143116175,571,534,291636,0a603d9b37c785a7b1f080a6713676ce3c8d1ee999e8d0e602881eff8498e196,1,90,2,0
sense2-1,94,1746435560593174370,571,534,291636,0a603d9b37c785a7b1f080a6713676ce3c8d1ee999e8d0e602881eff8498e196,0,,2,1
sense2-1,95,1746435561631047669,840,840,684659,ad07aa671cc666b4afb7821fe0efa300d577e676a5e8ffddc512b46da23e72e8,1,92,2,0
sense2-1,96,1746435562669301884,840,840,684659,ad07aa671cc666b4afb7821fe0efa300d577e676a5e8ffddc512b46da23e72e8,1,93,2,0
sense2-1,97,1746435563183689421,534,662,338546,da9b3f68e1aa9fd62364af089892d1583d43ca9e386194d1dae6469332050e97,1,94,3,0
sense2-1,98,1746435563705115906,534,662,338546,da9b3f68e1aa9fd62364af089892d1583d43ca9e386194d1dae6469332050e97,1,95,3,0
sense2-1,99,1746435564251143057,534,662,338546,da9b3f68e1aa9fd62364af089892d1583d43ca9e386194d1dae6469332050e97,1,96,3,0
sense2-1,100,1746435564767274360,534,649,332209,68ed4905607478063072c01363744cec71663c5a337081e03817b3155f51f881,1,97,1,0
sense2-1,101,1746435565432433298,696,653,436581,b518583a4902ca459253fcba186199d65f1427b3a21f38eefc62722a78557853,1,98,1,0
sense2-1,102,1746435566228501935,709,761,517617,ec6ba7aab62ed5b03ee53136a3ec770bba9ce80e8fd62f5a94235e1b27aeb288,1,99,2,0
sense2-1,103,1746435567025318276,709,761,517617,ec6ba7aab62ed5b03ee53136a3ec770bba9ce80e8fd62f5a94235e1b27aeb288,1,100,2,0
sense2-1,104,1746435567482728344,534,580,297719,212f504d651209d61210e4400eee7448e03668ee8b5dcf2194cae6b8bb94d56f,1,101,6,0
sense2-1,105,1746435567936326810,534,580,297719,212f504d651209d61210e4400eee7448e03668ee8b5dcf2194cae6b8bb94d56f,1,102,6,0
sense2-1,106,1746435568411242121,553,578,304019,25e1a29f95aac179d6acccae3bff84754adec987787a87d88296ac406095ee9a,1,103,2,0
sense2-1,107,1746435568905352470,553,578,304019,25e1a29f95aac179d6acccae3bff84754adec987787a87d88296ac406095ee9a,1,104,2,0
sense2-1,108,1746435569372617826,534,580,297719,212f504d651209d61210e4400eee7448e03668ee8b5dcf2194cae6b8bb94d56f,1,105,6,0
sense2-1,109,1746435569844518799,534,580,297719,212f504d651209d61210e4400eee7448e03668ee8b5dcf2194cae6b8bb94d56f,1,106,6,0
sense2-1,110,1746435570315519038,534,580,297719,212f504d651209d61210e4400eee7448e03668ee8b5dcf2194cae6b8bb94d56f,1,107,6,0
sense2-1,111,1746435570781463713,534,580,297719,212f504d651209d61210e4400eee7448e03668ee8b5dcf2194cae6b8bb94d56f,1,108,6,0
sense2-1,112,1746435571426783433,610,717,417150,79413c13d2cde4d4836d8157dccef4164aa9b5a5b7e0bc0b0eb67b6eae0aaaf2,1,109,4,0
sense2-1,113,1746435572065064644,610,717,417150,79413c13d2cde4d4836d8157dccef4164aa9b5a5b7e0bc0b0eb67b6eae0aaaf2,1,110,4,0
sense2-1,114,1746435572700392695,610,717,417150,79413c13d2cde4d4836d8157dccef4164aa9b5a5b7e0bc0b0eb67b6eae0aaaf2,1,111,4,0
sense2-1,115,1746435573337191841,610,717,417150,79413c13d2cde4d4836d8157dccef4164aa9b5a5b7e0bc0b0eb67b6eae0aaaf2,1,112,4,0
sense2-1,116,1746435573778811111,534,534,274395,1dfdc84f19d37b5c6cadadd2b80f0f44818430568dc081960d31130eac17dcb6,1,113,2,0
sense2-1,117,1746435574214513482,534,534,274395,1dfdc84f19d37b5c6cadadd2b80f0f44818430568dc081960d31130eac17dcb6,1,114,2,0
sense2-1,118,1746435574689618330,534,606,309046,9774f25d027f7618885875b940b841dfc1ebde29036553dcece469cc498fccaa,1,116,4,0
sense2-1,119,1746435575188406115,534,606,309046,9774f25d027f7618885875b940b841dfc1ebde29036553dcece469cc498fccaa,1,117,4,0
sense2-1,120,1746435575683626514,534,606,309046,9774f25d027f7618885875b940b841dfc1ebde29036553dcece469cc498fccaa,1,118,4,0
sense2-1,121,1746435576198490778,534,606,309046,9774f25d027f7618885875b940b841dfc1ebde29036553dcece469cc498fccaa,1,119,4,0
sense2-1,122,1746435576980384002,733,742,521337,5afcff760820a093414cc451f8e7d801409f0aff5f5f358762728447f3af194f,1,120,2,0
sense2-1,123,1746435577777981082,733,742,521337,5afcff760820a093414cc451f8e7d801409f0aff5f5f358762728447f3af194f,0,,2,1
sense2-1,124,1746435578502246871,675,748,480898,27b531737718fa9248b8d776795becc08543c8b8219c4bf9ee4ca28c36e38661,1,122,2,0
sense2-1,125,1746435579248659615,675,748,480898,27b531737718fa9248b8d776795becc08543c8b8219c4bf9ee4ca28c36e38661,1,123,2,0
sense2-1,126,1746435579832060678,609,653,377410,c592316d91f427b61933be9aa8699db5b13919ed2615917ac837f95df2f4fc4b,1,124,3,0
sense2-1,127,1746435580423242645,609,653,377410,c592316d91f427b61933be9aa8699db5b13919ed2615917ac837f95df2f4fc4b,1,125,3,0
sense2-1,128,1746435581002821946,609,653,377410,c592316d91f427b61933be9aa8699db5b13919ed2615917ac837f95df2f4fc4b,0,,3,1
sense2-1,129,1746435581563264257,574,667,363494,f79bda95d7a63858ddc82e8ee3c2bd1ce0cad5a35dd2d7cd2eed6f9581eb9942,1,126,1,0
sense2-1,130,1746435582211044938,680,608,397323,52fae0ab57dfab3b129c0199d14c5ecf4d5efdceabf752c24deba66227d9cbbf,1,127,1,0
sense2-1,131,1746435582807085460,567,717,387530,513ea1df4f6d7c78927c3a5f0326119dba6d42a2bceb3bd857353a700c464c60,1,128,1,0
sense2-1,132,1746435583292593698,534,559,283292,425123eb20091ee0b1aa37549635f7243156542fef54ce19fc294c35c0d80a20,1,129,1,0
sense2-1,133,1746435583714268198,534,534,273640,f93a6a6abcf5fd9bc652d2ee609f600db33a4daa706fb81090af1b527a7f8783,1,130,1,0
sense2-1,134,1746435584221253919,534,620,314461,186b66f694115e06512bdc6cd3e8d0c49a91dc72c3811c1723e4ea4deab78ff9,1,131,1,0
sense2-1,135,1746435584749844704,544,653,338292,c326eb359e750c53d2a1243c5d6e0bd94b922e8cd272db05b57b3906ff808153,1,132,1,0
sense2-1,136,1746435585179826524,534,534,272286,bb52e307646cc1798dc22914d88bbfbcc22e0a7c7b7475d6e5e0092a061c8bdf,0,,1,1
sense2-1,137,1746435585632004862,534,570,290555,873aa93b62d5e27686b721cf8fd6d502479f3a0ffabf63cab31d3e1644a9f1b8,1,134,1,0
sense2-1,138,1746435586574980119,769,768,562145,32546d5b91f83f0401b0cd2ab186e6b651e3432eeee6c735426da8e52610e48e,0,,1,1
sense2-1,139,1746435586999488523,534,534,272962,de4d217fe806069f3625136fb48320324b361890c876998a5f39bf080e289860,1,138,1,0
sense2-1,140,1746435587424137709,534,534,272963,dc2717c08ee0a40b0602957c2bf63c7211c8506eb6ee197cdf2b024a51fef6ec,1,139,1,0
sense2-1,141,1746435588106550732,623,734,434462,2a135c5ebcb23e77dc613947ee49bec4bcdfeb1b3885c01d8d31d1a6e17bf55a,1,140,2,0
sense2-1,142,1746435588792716038,623,734,434462,2a135c5ebcb23e77dc613947ee49bec4bcdfeb1b3885c01d8d31d1a6e17bf55a,0,,2,1
sense2-1,143,1746435589317187397,534,534,272158,24d73440cafb9fe18e2bce59544b4c4767245d6e31839e156200c37979cf6530,1,144,2,0
sense2-1,144,1746435589742622606,534,534,272158,24d73440cafb9fe18e2bce59544b4c4767245d6e31839e156200c37979cf6530,1,145,2,0
sense2-1,145,1746435590218080425,534,534,272203,e67dc807c2ef17852328485e13719ba2f6b4b126aded4d9b8331b94251769e4c,1,147,1,0
sense2-1,146,1746435590796661303,565,705,376865,0d14b117384a39c267315f69eefd533bd8d3ab5c74c5575de9fc73e2eb3673fc,1,148,1,0
sense2-1,147,1746435591241029373,534,534,271195,682a6bcfce3b07bce66d5535b993be6722e9d414cf44b0e9607929b3222327cb,1,149,1,0
sense2-1,148,1746435591677388221,534,534,271320,10f77226470d854ef111975e970adee3b570684e342f20586ed9e14355f13cfc,1,150,5,0
sense2-1,149,1746435592136565569,534,534,271320,10f77226470d854ef111975e970adee3b570684e342f20586ed9e14355f13cfc,1,151,5,0
sense2-1,150,1746435592567316329,534,534,271320,10f77226470d854ef111975e970adee3b570684e342f20586ed9e14355f13cfc,1,152,5,0
sense2-1,151,1746435592992123753,534,534,271320,10f77226470d854ef111975e970adee3b570684e342f20586ed9e14355f13cfc,1,153,5,0
sense2-1,152,1746435593449612015,534,534,271320,10f77226470d854ef111975e970adee3b570684e342f20586ed9e14355f13cfc,1,154,5,0
sense2-1,153,1746435593875223258,534,534,271124,4016a00d65de0ca8466c3c5c5575c27b669a162e7810f9ebce972a8882bf31eb,1,155,1,0
sense2-1,154,1746435594608653224,704,704,466583,2b53b33cfa326c767ec2604e32218406ba59c1a37d43015cf9761030a69db339,1,157,1,0
sense2-1,155,1746435595065336532,534,534,268831,7debd497d70e18a1c9992f5d75fc5fd5f50627b654b4976867ec7091f0df5134,1,158,2,0
sense2-1,156,1746435595492794263,534,534,268831,7debd497d70e18a1c9992f5d75fc5fd5f50627b654b4976867ec7091f0df5134,0,,2,1
sense2-1,157,1746435595934598527,534,534,271325,5e91718d43c68b26e0f1ae5d01c3fb0693fcd0a9e860e430e10e47cba9fdcac1,1,159,2,0
sense2-1,158,1746435596356149934,534,534,271325,5e91718d43c68b26e0f1ae5d01c3fb0693fcd0a9e860e430e10e47cba9fdcac1,1,160,2,0
sense2-1,159,1746435596848114230,534,633,317328,07c645dcb21e742292414028c19fadc938c88f16a0d239135c16dd7371084ba3,1,161,1,0
sense2-1,160,1746435597356326095,534,550,279074,fbae4a1ce3ed333f51cb4246b62de7bec81058586858e1e7ec28315e28ed1744,1,164,1,0
sense2-1,161,1746435597787506593,534,534,271477,d18ef10df84f0bef72927e5ec317815248f456f5092f8d9bbd040d94294b5766,1,165,2,0
sense2-1,162,1746435598228904724,534,534,271477,d18ef10df84f0bef72927e5ec317815248f456f5092f8d9bbd040d94294b5766,1,166,2,0
sense2-1,163,1746435598672894936,534,534,271460,f5cc4752fad9962e927d9ed1b1ee736305a282bf8f97f51f141e37aab3a031cd,0,,1,1
sense2-1,164,1746435599119767985,534,534,271129,6ed8b19586a9d4c223645505a126e79bb9878d18cc6fbb40dfc8a4939715c3f4,1,168,4,0
sense2-1,165,1746435599574092421,534,534,271129,6ed8b19586a9d4c223645505a126e79bb9878d18cc6fbb40dfc8a4939715c3f4,1,169,4,0
sense2-1,166,1746435600018642725,534,534,271396,d67cee3b30578733da18f22973cbd431b3e071514611cb87e3a3bb57a607427e,1,170,5,0
sense2-1,167,1746435600456259941,534,534,271396,d67cee3b30578733da18f22973cbd431b3e071514611cb87e3a3bb57a607427e,1,171,5,0
sense2-1,168,1746435600892462758,534,534,271396,d67cee3b30578733da18f22973cbd431b3e071514611cb87e3a3bb57a607427e,1,172,5,0
sense2-1,169,1746435601320096584,534,534,271396,d67cee3b30578733da18f22973cbd431b3e071514611cb87e3a3bb57a607427e,1,173,5,0
sense2-1,170,1746435602332791565,534,534,271088,3046702004c1b043b2d9e0241d7ed474540e04e95fdf1c6ca0046517ca9b7ee4,1,175,2,0
sense2-1,171,1746435602773642900,534,534,271088,3046702004c1b043b2d9e0241d7ed474540e04e95fdf1c6ca0046517ca9b7ee4,1,176,2,0
sense2-1,172,1746435603307432560,534,534,271129,6ed8b19586a9d4c223645505a126e79bb9878d18cc6fbb40dfc8a4939715c3f4,1,177,4,0
sense2-1,173,1746435603729747275,534,534,271129,6ed8b19586a9d4c223645505a126e79bb9878d18cc6fbb40dfc8a4939715c3f4,1,178,4,0
sense2-1,174,1746435604341348911,534,534,271396,d67cee3b30578733da18f22973cbd431b3e071514611cb87e3a3bb57a607427e,1,179,5,0
sense2-1,175,1746435605069583291,681,719,461342,76ca5c94d336ffc5bc7af4fe14dbc306be61adc11efcff8e4c99324c3f1f0ad0,1,180,1,0
sense2-1,176,1746435605489669534,534,534,271395,4b0bb8fdd60f3627c4ff7af4bccf0778fe93bfd1c486b11ccd30c7d7abbc1c56,0,,1,1
sense2-1,177,1746435606145112836,577,769,418773,c1fb95257e28da67ed728b788eaeb7302ce79c6cc253cad385a6f34aba5cce37,1,183,1,0
sense2-1,178,1746435607303867894,534,534,271126,d42619ed5f9b818542810c9684e4cf335014909c768b6a1d89da65aedd31fb97,1,185,2,0
sense2-1,179,1746435607739239170,534,534,271126,d42619ed5f9b818542810c9684e4cf335014909c768b6a1d89da65aedd31fb97,1,186,2,0
sense2-1,180,1746435608291697025,534,534,270811,d62aa63a6a95a17349f88225fec35d52dcd3408e499f2d559bbe5be0c5d8eb8b,1,187,1,0
sense2-1,181,1746435608721939430,534,534,271926,b7bea0bae0d1acd1583d5941b1972f4c90cd286ee4524c2d519b0aa2ccaf7534,1,188,1,0
sense2-1,182,1746435609350921735,534,534,271172,ca14d8e2b9cd7a8b8db5a0467c1f08469c2ccac48d887df0d4c98e8afc74ba2b,1,190,1,0
sense2-1,183,1746435611441341550,534,692,347026,5b50796eda1a86e82bad1f9c2a8d2fad8c39930b8c5f45e7f455a5761c832a1a,1,193,1,0
sense2-1,184,1746435612003709762,534,696,349588,2476f148351693b0b35fd54f7dfa55a42d615c7805c8133fe956e98d374ac702,1,194,1,0
sense2-1,185,1746435612548459315,534,700,351249,3c0d640c96edb5b636bb541120f983194f0709a2649d2bf4e9e03bf5e908a685,1,195,1,0
sense2-1,186,1746435613039989196,565,566,294309,de1412b30765fe05eac930c9f955f1c72786dc3aed3854b7e50cf90f56df0ced,1,196,1,0
sense2-1,187,1746435615447028721,534,701,353318,f9b423538172263581ad0b78b4c9c7b2e24c011d92c18610e210cfeb3414be04,1,201,1,0
sense2-1,188,1746435616023280740,534,702,353467,69da4dc0169ab5daef002cbdb002970e176249321101a6342fd53801b88a3d9f,1,203,1,0
sense2-2,0,1746436083627891884,534,534,280906,996aece0fd920d060171f785e59819e9550df540f17b876b8c6be7ae556570d8,0,,4,1
sense2-2,1,1746436084170790574,534,534,279009,e7059017c891fc6c61c7fa00874eeb7d79be15b27874d6200702e058b7b52d0a,0,,6,1
sense2-2,2,1746436084589287474,534,534,279009,e7059017c891fc6c61c7fa00874eeb7d79be15b27874d6200702e058b7b52d0a,1,0,6,0
sense2-2,3,1746436085199302422,534,534,279009,e7059017c891fc6c61c7fa00874eeb7d79be15b27874d6200702e058b7b52d0a,0,,6,1
sense2-2,4,1746436085608506364,534,534,279009,e7059017c891fc6c61c7fa00874eeb7d79be15b27874d6200702e058b7b52d0a,0,,6,1
sense2-2,5,1746436086167012449,534,534,280906,996aece0fd920d060171f785e59819e9550df540f17b876b8c6be7ae556570d8,1,1,4,0
sense2-2,6,1746436086836742316,682,683,455114,a3ebad2f69457a05d940163704c6bd51f4407c58e5c261371cd03698ccd7eed4,1,3,1,0
sense2-2,7,1746436087262264791,534,534,280906,996aece0fd920d060171f785e59819e9550df540f17b876b8c6be7ae556570d8,1,4,4,0
sense2-2,8,1746436087672059484,534,534,280906,996aece0fd920d060171f785e59819e9550df540f17b876b8c6be7ae556570d8,0,,4,1
sense2-2,9,1746436088170587975,534,534,279009,e7059017c891fc6c61c7fa00874eeb7d79be15b27874d6200702e058b7b52d0a,1,5,6,0
sense2-2,10,1746436088589000320,534,534,279009,e7059017c891fc6c61c7fa00874eeb7d79be15b27874d6200702e058b7b52d0a,1,6,6,0
sense2-2,11,1746436089166663504,534,534,279395,3a822e317db6e5560cba1258d047c004ea3a0278e7298bcd7ba1d95a7b409485,1,7,2,0
sense2-2,12,1746436089598510127,534,534,279395,3a822e317db6e5560cba1258d047c004ea3a0278e7298bcd7ba1d95a7b409485,1,8,2,0
sense2-2,13,1746436090235270295,565,534,294439,76fe9b3b61dc8d6d473ed0baa231823f616304ca9c6fecfe72b85e3670cbd76b,1,9,2,0
sense2-2,14,1746436090672211161,565,534,294439,76fe9b3b61dc8d6d473ed0baa231823f616304ca9c6fecfe72b85e3670cbd76b,1,10,2,0
sense2-2,15,1746436091211899315,562,534,292762,d06b8aa51de4367f0ceac38750bd8aa071eae4fe89337cb384e045a19c153e88,1,11,1,0
sense2-2,16,1746436091635166977,534,537,279036,ec6c8bdfd5140e1274e00b3731273fb30ea20c0398391a5da1590655baa1bcde,1,12,1,0
sense2-2,17,1746436092188904011,539,534,280749,60abcdfedb4d6486fd8101f5d355454c9dfb107273fd761f64052c1d38341ec1,1,13,1,0
sense2-2,18,1746436092606603746,534,534,279747,15b0f126abb76fe939c1e3387e72f16e41a01022dfa9679ef0eac526d18561a1,1,14,1,0
sense2-2,19,1746436093179301589,534,534,280007,bf66de7eec353885efbc9ef26eb9bb5ccd3535ee049b8e744683994d14d3d9aa,1,15,2,0
sense2-2,20,1746436093600076942,534,534,280007,bf66de7eec353885efbc9ef26eb9bb5ccd3535ee049b8e744683994d14d3d9aa,1,16,2,0
sense2-2,21,1746436094202760698,534,534,278228,737d8de60b7e414125b1fd94805daced9392cbc6e242b8787540c969743c7b65,1,17,2,0
sense2-2,22,1746436094618723661,534,534,278228,737d8de60b7e414125b1fd94805daced9392cbc6e242b8787540c969743c7b65,1,18,2,0
sense2-2,23,1746436095198548218,534,534,278493,9e76b28e723a7bef7b7cf78507e78fd1d60f0b7edd0ffd38841f3c2eb40da009,1,19,1,0
sense2-2,24,1746436095727012788,589,606,345037,68b5b67f44f171f1825acac30fbc188123d868084acce40adf7ed543492da9dc,1,20,1,0
sense2-2,25,1746436096196445331,534,534,278156,83acaf0147218fd4f088ea572d3b0439e0f3b7de62b88daa93f8eae48ffa19f0,1,21,2,0
sense2-2,26,1746436096615652620,534,534,278156,83acaf0147218fd4f088ea572d3b0439e0f3b7de62b88daa93f8eae48ffa19f0,1,22,2,0
sense2-2,27,1746436097194392566,534,534,277782,dbdad574343d8f186c978ef85d0cd3180d758f549a1e637ab17ee8aa89429594,1,23,1,0
sense2-2,28,1746436097615914152,534,534,277786,71342481f12d0426e3ced61f3796746b2280d65587d17a2d4cc04f0fda7883c2,1,24,1,0
sense2-2,29,1746436098178618899,534,534,278503,d66adedd42be70606d9ad7e1f1d9fbd9766ff061b71c68feb8b12e1dedd3d206,1,25,2,0
sense2-2,30,1746436098602829718,534,534,278503,d66adedd42be70606d9ad7e1f1d9fbd9766ff061b71c68feb8b12e1dedd3d206,1,26,2,0
sense2-2,31,1746436099204847180,534,534,278070,3d24c54c63b018c9e9521744d7c4e554de6efb7f12a72f5cdd3e73d241173131,1,27,2,0
sense2-2,32,1746436099617934072,534,534,278070,3d24c54c63b018c9e9521744d7c4e554de6efb7f12a72f5cdd3e73d241173131,1,28,2,0
sense2-2,33,1746436100200446001,534,534,277940,02cc40c75d18a230a36650e6df1cce12759797407ad80a614fdfbdec0288d288,1,29,1,0
sense2-2,34,1746436100633234377,534,534,277939,e8479bae3c7d3acb54d00abbb94802386be8787e86ab68515d5703849b3804e6,1,30,1,0
sense2-2,35,1746436101226300168,534,534,277664,16e049e56e7b64b99972cae32a8518452d3e3e931f11fc983658765a42fc9a70,1,31,2,0
sense2-2,36,1746436101642652435,534,534,277664,16e049e56e7b64b99972cae32a8518452d3e3e931f11fc983658765a42fc9a70,1,32,2,0
sense2-2,37,1746436102190174438,534,534,278209,b1c2942cc6b0658c0b3befee1dae1d3a4bc82c4e6a3249bdef51569f0b21373d,1,33,2,0
sense2-2,38,1746436102617568774,534,534,278209,b1c2942cc6b0658c0b3befee1dae1d3a4bc82c4e6a3249bdef51569f0b21373d,1,34,2,0
sense2-2,39,1746436103190604733,534,534,278233,23d3805f28adb001e3a65f02053a1805f3b251b4b928242ca4fb7d9a85c4ad28,1,35,2,0
sense2-2,40,1746436103605260069,534,534,278233,23d3805f28adb001e3a65f02053a1805f3b251b4b928242ca4fb7d9a85c4ad28,1,36,2,0
sense2-2,41,1746436104431173219,673,673,438837,9203e92c8c4b8ee603c40f92b3722f3ab4168f3b02e1355e8edf11a591a7443a,1,37,1,0
sense2-2,42,1746436104864267510,534,534,278340,cbe8ee9e938dc51d8923ec4958a20ebf79c4ece11964709891604d2ba2ebe570,1,38,1,0
sense2-2,43,1746436105289949239,534,534,278375,9a3afdd31f53d52c9404c39dcabb778e32b3946757bad1889603fe75fd1bae9b,0,,1,1
sense2-2,44,1746436105700300128,534,534,278491,ec63f635f9af4017191bb870eafa6946f51cdad1240652a1dd9c0ceba9cd395d,1,40,1,0
sense2-2,45,1746436106211074515,534,534,278005,891bebd0fe823e6bb7d91a5811d15ffc0a71bb0730b494eb2fd23b83255a2cb9,1,41,2,0
sense2-2,46,1746436106640212959,534,534,278005,891bebd0fe823e6bb7d91a5811d15ffc0a71bb0730b494eb2fd23b83255a2cb9,1,42,2,0
sense2-2,47,1746436107182623118,534,534,278255,766fde55da8447c1a78a28b500a8575e6fbf9c0c3062a8a14cd528a912d24ba7,1,43,2,0
sense2-2,48,1746436107606750522,534,534,278255,766fde55da8447c1a78a28b500a8575e6fbf9c0c3062a8a14cd528a912d24ba7,1,44,2,0
sense2-2,49,1746436108247664255,534,534,278643,9a7076b2d9775e1ba7ff943539dd52b0d72ccc2cf051de17c5a9ae6cd848b688,1,45,2,0
sense2-2,50,1746436108654725673,534,534,278643,9a7076b2d9775e1ba7ff943539dd52b0d72ccc2cf051de17c5a9ae6cd848b688,1,46,2,0
sense2-2,51,1746436109180312146,534,534,277243,53d83cc76f825e4e52134e9521cc4ed86553317132ed24bd1dd9861127833c31,1,47,1,0
sense2-2,52,1746436109590625513,534,534,277244,8a1030eeb2ccc1ed8d3c8ce70aa749c2a0a98f5d2bd15d2d38ce16f2131882eb,1,48,3,0
sense2-2,53,1746436110181036645,534,534,277244,8a1030eeb2ccc1ed8d3c8ce70aa749c2a0a98f5d2bd15d2d38ce16f2131882eb,1,49,3,0
sense2-2,54,1746436110604927319,534,534,277240,05b364c11fecf874ded7830c17ca1109812d7bce4c0d5038dbb45b2b7a7dc618,1,50,2,0
sense2-2,55,1746436111195480357,534,534,277240,05b364c11fecf874ded7830c17ca1109812d7bce4c0d5038dbb45b2b7a7dc618,1,51,2,0
sense2-2,56,1746436111788859148,594,675,388752,cc4d83dddf8fa96729dcfa795973833fc77b018c728429745d6e90995df408e2,1,52,2,0
sense2-2,57,1746436112382016763,594,675,388752,cc4d83dddf8fa96729dcfa795973833fc77b018c728429745d6e90995df408e2,1,53,2,0
sense2-2,58,1746436113475971330,860,861,719066,c0cc457244c2d3510a2d7a60221ce0d126956be5a88679a0ea4e004f3d0b420c,1,55,1,0
sense2-2,59,1746436115026824376,1021,1022,1016589,b0aa4e26688bd0a22fe05acb5f35e3f30768b97dbc391a659b69cbd387ea9f80,1,56,2,0
sense2-2,60,1746436116515193844,1021,1022,1016589,b0aa4e26688bd0a22fe05acb5f35e3f30768b97dbc391a659b69cbd387ea9f80,0,,2,1
sense2-2,61,1746436116928291526,534,534,277244,8a1030eeb2ccc1ed8d3c8ce70aa749c2a0a98f5d2bd15d2d38ce16f2131882eb,0,,3,1
sense2-2,62,1746436117355917357,534,534,276364,1057e25566c1932d6d86ecaab7507ca65f4feb96cd96842ccbc2e3323a860649,1,57,2,0
sense2-2,63,1746436117772560135,534,534,276364,1057e25566c1932d6d86ecaab7507ca65f4feb96cd96842ccbc2e3323a860649,1,58,2,0
sense2-2,64,1746436118192752600,534,534,276510,75067813847fcce9d67cb44b179c2b267114b1be3d7eef8d9b2c1ed5b9862345,1,59,2,0
sense2-2,65,1746436118620914326,534,534,276510,75067813847fcce9d67cb44b179c2b267114b1be3d7eef8d9b2c1ed5b9862345,1,60,2,0
sense2-2,66,1746436119062453631,534,534,275576,aba4c119828422a6e58680cb8f66e62ae333eb9980c5f029d898615162e252ef,1,61,2,0
sense2-2,67,1746436119495686029,534,534,275576,aba4c119828422a6e58680cb8f66e62ae333eb9980c5f029d898615162e252ef,1,62,2,0
sense2-2,68,1746436119921211479,534,534,276734,41b5211e6f19af5de40d551aa664a21860ba2de0b4db4f68260f7bff3605c076,1,64,2,0
sense2-2,69,1746436120344720016,534,534,276734,41b5211e6f19af5de40d551aa664a21860ba2de0b4db4f68260f7bff3605c076,0,,2,1
sense2-2,70,1746436120881118415,600,583,334273,08c66e28d8bb322a1af4d9c83d10986674b11ac0c27a55ddc33621597f8aed51,1,66,1,0
sense2-2,71,1746436121337971501,558,557,296112,014d254b61b206c158b842d8728ffaedada2337dec7429f355c5357cf4164b9b,0,,1,1
sense2-2,72,1746436121769955937,534,534,276176,8468ebdb40bd0e5d936dfa5b37d2932cfb2e749f4b41d41abf5fe495c4e5c95e,1,68,3,0
sense2-2,73,1746436122354164163,587,692,390489,c7a55beccd29393e71d8e664c28dfb87aed80b5894515eaa20a049ad3213a239,0,,1,1
sense2-2,74,1746436122779043663,534,534,276087,ed7262b064d245d1e788d7062b59de761851fed1bb0f13d3d94f8d09c187422f,1,69,4,0
sense2-2,75,1746436123193459320,534,534,276087,ed7262b064d245d1e788d7062b59de761851fed1bb0f13d3d94f8d09c187422f,1,70,4,0
sense2-2,76,1746436123619518183,534,534,276176,8468ebdb40bd0e5d936dfa5b37d2932cfb2e749f4b41d41abf5fe495c4e5c95e,1,72,3,0
sense2-2,77,1746436124049774117,534,534,276175,05b19718a5a39a9f3fdb806a90db47fa72f73989831c99e0c60a48b3ed8a0f76,0,,1,1
sense2-2,78,1746436124461474566,534,534,276087,ed7262b064d245d1e788d7062b59de761851fed1bb0f13d3d94f8d09c187422f,1,73,4,0
sense2-2,79,1746436124906288580,534,534,276087,ed7262b064d245d1e788d7062b59de761851fed1bb0f13d3d94f8d09c187422f,1,74,4,0
sense2-2,80,1746436125329552809,534,534,276176,8468ebdb40bd0e5d936dfa5b37d2932cfb2e749f4b41d41abf5fe495c4e5c95e,1,76,3,0
sense2-2,81,1746436125803783389,589,547,302151,b5d55be25284cc6231cebec1bd14bf5dba8cdf6c2309428a53f0218bced7b1f4,0,,1,1
sense2-2,82,1746436126232859496,534,534,275588,70d30c32b1d79a4636755453d9d60dac8a8177bbc080c35c887c7a7c8d097243,1,78,1,0
sense2-2,83,1746436126651490267,534,534,275589,5955047c9a3173aa4ed73f47baaaa3c1ebd4d26e6182c767baaeb2a2795d7e48,0,,1,1
sense2-2,84,1746436127091858908,534,534,274701,360fe35488d6b2f12f186792f13a46d232e4ef9fe0791cae2acdb9ee13956bdc,1,80,1,0
sense2-2,85,1746436127513671097,534,534,274700,0f50ed948ca3a92f2e8921239ae1730cb48b4711455afa12cff89045a13de3e2,0,,1,1
sense2-2,86,1746436127938292727,534,534,275465,78d825e91c67850bf2faba3925931638f1b9e8844500c50545d43f6231621329,1,81,2,0
sense2-2,87,1746436128373402055,534,534,275465,78d825e91c67850bf2faba3925931638f1b9e8844500c50545d43f6231621329,1,82,2,0
sense2-2,88,1746436128800907993,534,534,274453,c0a7d1ee40ae61b41a4256c1ab9bb01bdc5870779f7b42c3528a07fd8ce9fe99,1,84,1,0
sense2-2,89,1746436129283247105,534,534,275267,a37772e1e62c2e45d7fb99119c3efa3fb27066d095d2c8ce12f5355c87db25eb,1,86,1,0
sense2-2,90,1746436129710419718,534,534,275265,0fb8149bf8cb0eb86110443815836aee3783ed8fc17b098e439ef4e7086ffaf0,0,,1,1
sense2-2,91,1746436130150882911,534,534,274806,8281ab6ac9383be661a991c70e5bb963bd17473a36610c171b173fc9fe82077d,1,88,1,0
sense2-2,92,1746436130587297273,534,534,274807,e4fdcc378a4b39ae9c8d7097ab8285a2f5101cd4a8065815fe9720f171b888a6,0,,1,1
sense2-2,93,1746436131200901677,690,591,388621,5fd9e833695551870b5b345ed295c61eb53e28c981fa33ca482e0d302e9875a2,1,90,1,0
sense2-2,94,1746436131625564582,534,534,274259,db08d887b9f59be2ce1d1311bf781ffc47d3b8900a24ac3be953554086e7dea2,0,,1,1
sense2-2,95,1746436132067379994,534,534,273492,3dbc5bed984cf17505a17a926c2d10b5462b5f6c302e005563e4c95ad6997453,1,93,3,0
sense2-2,96,1746436132505819108,534,534,271058,3ad08af1d323ef9fff048436ec209e3474f48bce7f929c2ad4bc1b7b0b34df4a,1,94,2,0
sense2-2,97,1746436132931270720,534,534,271058,3ad08af1d323ef9fff048436ec209e3474f48bce7f929c2ad4bc1b7b0b34df4a,1,95,2,0
sense2-2,98,1746436133358577646,534,534,273492,3dbc5bed984cf17505a17a926c2d10b5462b5f6c302e005563e4c95ad6997453,1,96,3,0
sense2-2,99,1746436133789092945,534,534,273492,3dbc5bed984cf17505a17a926c2d10b5462b5f6c302e005563e4c95ad6997453,0,,3,1
sense2-2,100,1746436134228710571,534,534,272636,429fa2768a90d242c1ec763342f3e90c33a3933db39b377889829cc9517202ea,1,97,6,0
sense2-2,101,1746436135285315110,534,534,272636,429fa2768a90d242c1ec763342f3e90c33a3933db39b377889829cc9517202ea,1,100,6,0
sense2-2,102,1746436136203094600,534,534,272636,429fa2768a90d242c1ec763342f3e90c33a3933db39b377889829cc9517202ea,1,101,6,0
sense2-2,103,1746436136625743014,534,534,272591,bf71eff546363c77a49a6399986afab5e8e56e818a1b7b0da139995bbab98534,1,102,2,0
sense2-2,104,1746436137217480976,534,534,272591,bf71eff546363c77a49a6399986afab5e8e56e818a1b7b0da139995bbab98534,1,103,2,0
sense2-2,105,1746436137658743598,534,534,272636,429fa2768a90d242c1ec763342f3e90c33a3933db39b377889829cc9517202ea,1,104,6,0
sense2-2,106,1746436138204221552,534,534,272636,429fa2768a90d242c1ec763342f3e90c33a3933db39b377889829cc9517202ea,1,105,6,0
sense2-2,107,1746436138625910359,534,534,272631,f25bc36a98fce8acd79abf71b75dacd5c3d1724546518b4f2e74e6846de348b2,1,106,2,0
sense2-2,108,1746436139270319428,534,534,272631,f25bc36a98fce8acd79abf71b75dacd5c3d1724546518b4f2e74e6846de348b2,1,107,2,0
sense2-2,109,1746436139719585901,534,534,272636,429fa2768a90d242c1ec763342f3e90c33a3933db39b377889829cc9517202ea,1,108,6,0
sense2-2,110,1746436140212841983,534,534,274419,fae362da1f7294373b97b7e94f36093a1b23fb72bb16689ffa7a177887837e5d,1,109,1,0
sense2-2,111,1746436140664672138,534,534,274365,641c49659ebd6c4b773f8e6f75703d62f3d450c6a631daf33e52183b02660614,1,110,1,0
sense2-2,112,1746436141221115103,534,534,273550,1a9ead7990a333c93c67388fb256d21d54b7b5a29a6349527bb96445e1e6e8b8,1,111,1,0
sense2-2,113,1746436141671254365,534,534,273552,9ed0665c561bae088f02bf18bda566c8965ac8bce60b5896eaffe3b617d19e2b,1,112,1,0
sense2-2,114,1746436142467198478,748,639,453508,fa3ae55dca0acd89b44455344a6b5e5e197c7a1bc373ee4c20a5233a61bf197d,1,113,3,0
sense2-2,115,1746436143185884173,748,639,453508,fa3ae55dca0acd89b44455344a6b5e5e197c7a1bc373ee4c20a5233a61bf197d,1,114,3,0
sense2-2,116,1746436143906870519,748,639,453508,fa3ae55dca0acd89b44455344a6b5e5e197c7a1bc373ee4c20a5233a61bf197d,0,,3,1
sense2-2,117,1746436144481609416,626,625,366422,00ed959a1a37698fb77c550172b30b78a2fe98b4b36fc0d297d83f0b2a38cbab,1,116,1,0
sense2-2,118,1746436144922339649,534,534,272976,0cbf6adf89a18790ada94ffa4b563652e4f287b48a93c5db30953e08ea5f138e,0,,1,1
sense2-2,119,1746436145392270498,534,534,273302,cf0e6a18b79705dc755f38d029689615bbb153eff7b1a65608eec439e1a4ea9a,1,120,3,0
sense2-2,120,1746436145822911424,534,534,273302,cf0e6a18b79705dc755f38d029689615bbb153eff7b1a65608eec439e1a4ea9a,1,121,3,0
sense2-2,121,1746436146245002136,534,534,273302,cf0e6a18b79705dc755f38d029689615bbb153eff7b1a65608eec439e1a4ea9a,0,,3,1
sense2-2,122,1746436147070630305,685,813,532420,8aaa33f9fa8656b5bfc9b854915ff51445356ddb976ce91877ac1b8dc82b3317,1,123,1,0
sense2-2,123,1746436148715677427,692,830,550205,af283600b9aca0d97ee6b0bc5475b775496c05f45e4a6c79dea90c020c8201f6,1,126,1,0
sense2-2,124,1746436149660873304,689,828,546621,6ca755a2834ba8b20b254cddbf80724186dd8dabf1e64610c4e3e3a002e05625,1,127,1,0
sense2-2,125,1746436150136406593,534,534,273580,75f48e300a249249699e3e70cf9c2769e73460ff3e15f08aa4fce6e8584a8618,1,128,1,0
sense2-2,126,1746436150653727162,581,581,310882,5e641186fe2c710ba5134a9f3eb6d82604458d1f56b315b2d17ecb5ed054f4dd,0,,1,1
sense2-2,127,1746436151185403262,571,570,299144,5cad49253779d260237edcf67c74bf35335f93990f24871a7c84c8a7cb4ab0c0,1,130,1,0
sense2-2,128,1746436151659263619,568,568,296850,88881c58e59d662d4508af9b63e365e72d8942e1efee555f8c92091fd96bbc4b,0,,1,1
sense2-2,129,1746436152131628350,546,534,270835,0dc17de3e589b6365d38f6cf8c4ac07cb04bc17bc03f54f39200fbcf5331e2ad,1,132,1,0
sense2-2,130,1746436152928676644,615,850,498453,63ffd9c6260c928d2efbf48cb4dded94131b67526ce6976b63ca3f772f0204ed,0,,1,1
sense2-2,131,1746436153726374123,608,855,496544,341a7ba8f84833f26cc7f1b7a9714ff09f32a4e50dcdb801a7a0703813589b76,1,134,1,0
sense2-2,132,1746436154250041945,576,576,309080,35f4a3015c5d7cb18918d28e8a2e7e4937da361f4a466d53cb0074e276a6d97a,0,,1,1
sense2-2,133,1746436154757221104,586,586,319941,74173bd33269c63ab0348906efb66c6f54561eb69ee936bcbcc0f5df22f17e32,1,136,1,0
sense2-2,134,1746436155200949733,534,534,273271,1d2c3cf69ffe8bedf36a6362bddc3aafcdd8465ef693e2bbadd73cf1719747d2,0,,1,1
sense2-2,135,1746436155640143502,534,534,273483,3582d36ec50f5d92a6e6c68e40b3b05e9bab146a7f4a70ba8163c68be37a5a16,1,138,1,0
sense2-2,136,1746436156208685901,577,638,347895,a4eccc57238bd4bbac0588c1c6d6a229aadf5a9d6db1505a0d8f456098ce0e1b,0,,1,1
sense2-2,137,1746436156772273744,598,642,364143,848b345706c84e320a6e8d88175ff7cfc1bf3e4dd06ae5358442ebaeb8f29768,1,140,2,0
sense2-2,138,1746436157338487373,598,642,364143,848b345706c84e320a6e8d88175ff7cfc1bf3e4dd06ae5358442ebaeb8f29768,0,,2,1
sense2-2,139,1746436157784238327,534,534,272967,11eebe037287eba1cdcccfe0dae11ea5a7b1dcb2d177471c13da5faeb7bf8570,1,141,2,0
sense2-2,140,1746436158207627460,534,534,272967,11eebe037287eba1cdcccfe0dae11ea5a7b1dcb2d177471c13da5faeb7bf8570,1,142,2,0
sense2-2,141,1746436158800026547,619,639,375802,17654a1ebdc710389cf624d03de208d386262e2b2e6f613e13fd3407bfdb37e5,1,143,2,0
sense2-2,142,1746436159386024605,619,639,375802,17654a1ebdc710389cf624d03de208d386262e2b2e6f613e13fd3407bfdb37e5,1,144,2,0
sense2-2,143,1746436159988343333,623,636,376170,c4f7886502d9eb50decf30e49879169522028af80f0eda324aa4d106a63fad67,1,146,1,0
sense2-2,144,1746436160599291805,634,648,390311,8383d67c2c89a4c70f1784b0f89218c96443f8d2c5cef77892507a209935d280,0,,1,1
sense2-2,145,1746436161041227300,534,534,273254,af1a09ed2bfbb915189a719938378793c04659b87a7d5f9a2495c6ec46525dfa,1,148,2,0
sense2-2,146,1746436161504712916,534,534,273254,af1a09ed2bfbb915189a719938378793c04659b87a7d5f9a2495c6ec46525dfa,0,,2,1
sense3-1,0,1746437013582042410,534,534,280917,fa2de0bb1a075a4390adfcbfd24c713e0865fdf9ebd6fda693c4a70a2cd06036,0,,3,1
sense3-1,1,1746437014005541024,534,534,280917,fa2de0bb1a075a4390adfcbfd24c713e0865fdf9ebd6fda693c4a70a2cd06036,0,,3,1
sense3-1,2,1746437014569165280,644,606,382231,d52fa5bc3e75942034c1f1fb5bf78527d2b364dacccf3f96873eed38fecdcc3c,0,,3,1
sense3-1,3,1746437015148091332,644,606,382231,d52fa5bc3e75942034c1f1fb5bf78527d2b364dacccf3f96873eed38fecdcc3c,0,,3,1
sense3-1,4,1746437015573447433,534,534,279905,dcdd1e8bb2648c993efe4c67a0af151e3790981011cbb5458974ee390e99c50e,0,,1,1
sense3-1,5,1746437015995604452,534,534,279989,419a705a482a28b603e932f66dd4046bb28109b84362d3e432f7aa5b68e80cc5,1,0,1,0
sense3-1,6,1746437017017428691,831,831,681218,fa6a7174f42dbdc57dbea2431494ed7e168a8d14911324e6fa74adda1219dc31,1,1,2,0
sense3-1,7,1746437018020960442,831,831,681218,fa6a7174f42dbdc57dbea2431494ed7e168a8d14911324e6fa74adda1219dc31,1,2,2,0
sense3-1,8,1746437018429238097,534,534,281164,7b9531fa2341976e9026d70e354e941fdca6b3e1519c03c1fc117cbe993ba609,1,3,1,0
sense3-1,9,1746437018875608936,534,534,280917,fa2de0bb1a075a4390adfcbfd24c713e0865fdf9ebd6fda693c4a70a2cd06036,1,4,3,0
sense3-1,10,1746437019306465411,534,534,280292,5c93fa5b226117021f956542f65e98052b6e601aa162ee4c2c3591736202ae06,1,5,2,0
sense3-1,11,1746437019746441792,534,534,280292,5c93fa5b226117021f956542f65e98052b6e601aa162ee4c2c3591736202ae06,1,6,2,0
sense3-1,12,1746437020321260276,644,606,382231,d52fa5bc3e75942034c1f1fb5bf78527d2b364dacccf3f96873eed38fecdcc3c,1,7,3,0
sense3-1,13,1746437020812580180,561,561,307509,b5c851e72245fe18b0498717cf068f9a7dc67a473f9107ba83a148f9c9e250d6,1,8,1,0
sense3-1,14,1746437021754596353,789,788,613771,11d99acfa939ed69ef14e047d3fe11b95a07e0b90595c420add6852a8707afcf,1,9,1,0
sense3-1,15,1746437022165140539,534,534,280845,5f7982f59949ff401bead6ae595926f006fbae6f3795ad4c7205c7e2208c4b1e,1,10,1,0
sense3-1,16,1746437022591718392,534,534,278956,ce2bc27301624797e0a9a76c89a2b938c69779d805b746b8ad3fe0a7a2077ac8,1,11,1,0
sense3-1,17,1746437023011908449,534,534,279726,4b64cc73b53bb53879fe5636f8dc5e3167a59a972ef0f3a5828030ce3c7b3256,1,12,1,0
sense3-1,18,1746437023432211776,534,534,280708,7a617e7101f100156b1634eb4b16a61cda02c4db1f96483f1a44e4a979798749,1,13,1,0
sense3-1,19,1746437024197539109,730,730,524809,a6361e7f4ffcdeea1a68cb6742ecbe9e67fb21a40138f7fa70bf60dd037ed7cb,1,14,1,0
sense3-1,20,1746437024655764992,568,534,297476,6e85591ae23c34840286786afbd19ac68cdcb81eba074d01c033081de6cf30ba,1,15,1,0
sense3-1,21,1746437025240490720,693,581,395517,105f8c529354bcb1b7160e12616a08bd65ba496a39c96f3d10e99745a8504317,1,16,1,0
sense3-1,22,1746437025667304322,534,534,280945,7d9806f776f9cd2b19ce464793197fabbbfd63ede3e8bc56ec8fca2931d556f2,1,17,1,0
sense3-1,23,1746437026147918604,597,558,325672,14d0a9d361d86c0ba0d15cdbd8331e6eedc5a14b334db46041ca1fd9b34b17b7,1,18,1,0
sense3-1,24,1746437026579236282,534,534,278413,62c9a731a377b4f563c52ce3dfc1fb1290dbe12d463ea5229c9a942542b49ddd,1,19,1,0
sense3-1,25,1746437027019129732,551,534,284907,2cf3e1fdccce020993bc1a8be3632af4ece95773c3d1d182934e21dc739e73b8,1,20,1,0
sense3-1,26,1746437027444761838,534,534,278418,845b3f29696cc68b7398eb36a0ec2f565bed1f1fd5c68af2aeb4121abe8db9cf,1,21,1,0
sense3-1,27,1746437027870445193,534,534,278324,14e68f771e9601bfadcfbd7594c87f0646decbf2983e9901b77a1d264da13bd1,0,,1,1
sense3-1,28,1746437028291534158,534,534,278414,890944027f914cd73d6abf1473b8958c8581cef940512f9252edf6b994139024,1,23,1,0
sense3-1,29,1746437028725885834,534,534,278404,07aef853e62bf453f1935e6ab108a65533c12d43cc9d6e9207c7d3bb337d7bc8,1,24,1,0
sense3-1,30,1746437029148298784,534,534,279077,0570512c30b70bac76131c4cb86cd2a05f3013fd8b95e1c748a3e1c2eff2975c,1,25,1,0
sense3-1,31,1746437029575852919,534,534,279111,b9c09cd4ab1a05e4dc3235b3d14263e781953ad3675bb6f23f38601ea5f68c58,1,26,1,0
sense3-1,32,1746437029994865716,534,534,278123,797f8f0f90cb7eb312548a05f67db240e223ffce905832e2e2681f6c8c6705ca,1,27,1,0
sense3-1,33,1746437030430707525,534,534,278110,d740c004a25dd3d3194ac9eb47b9719ef0fb56f6eeb765ff577c521093f85a9c,1,28,1,0
sense3-1,34,1746437030870622832,534,534,277691,07b99eb7730e0aab09242632b4bc617a810ab0ea77cf2a30a5f1215a4261c0b0,1,29,1,0
sense3-1,35,1746437031396552883,598,597,346557,eac174e4b2456c04a74dbcc64be29647c6425d1699830651749b8d26819b11c9,0,,1,1
sense3-1,36,1746437031849569793,534,534,275443,1d69c0d9a48ef5f5cd252c832a827614d30bf9c143dce168449aa46ab7309981,1,31,1,0
sense3-1,37,1746437032275424370,534,534,275444,121c916d4500de4569ee7145a76f4cb4cd30e6248bbed9f5008b2cda1e7a6370,0,,1,1
sense3-1,38,1746437032707264421,534,534,275890,38044fb1118c5b39a080eb03917a6f891cac5f8c497be7a453dbe2d9c0d5bcf5,1,33,1,0
sense3-1,39,1746437033126293214,534,534,275889,2bcc344f12e56ac329fe919c896f56dc9397fcd690cc5e01725bfef018e94e31,0,,1,1
sense3-1,40,1746437033536982206,534,534,277809,0be1f4941675d1c0cf22f00adb8b8a4e6c61a8f2d329a47b9598d4aa5b4b083f,1,35,1,0
sense3-1,41,1746437033964600659,534,534,277574,807fc93a5fd02346d1f1b22a3832063724c5861dcc674823f0a765c161be97f2,1,36,1,0
sense3-1,42,1746437034389882007,534,534,276874,4963708a85fda92761d24c25889039db65572249fd23682bf3ff963d1625f4f4,1,37,1,0
sense3-1,43,1746437034827955645,534,534,276872,95ab2fb2b718942919aeeca276f436d1fddb513860184618dfda84ecd3cca4ac,1,38,1,0
sense3-1,44,1746437035251637500,534,534,275221,fa09c310e79fc2d56823329769f5b87ed261d991fdaf05ad5b7052da2b91dfa8,1,39,1,0
sense3-1,45,1746437035707489709,534,534,276173,1e62ff4d71a8b881eb2ddfbe825a5b05a5d0b0f2429b787594585ab9ad2b381b,1,40,1,0
sense3-1,46,1746437036175535702,582,534,298544,87d5f168463e73ecb10565d5b0840bc3853a8b43a19663d6691ee65357511c89,1,41,1,0
sense3-1,47,1746437036608614688,534,534,275347,c1dcce160aa1edb9dc03ef0ec20a0f819d297d5ed3bb997b497190067179da68,1,42,2,0
sense3-1,48,1746437037052361258,534,534,275347,c1dcce160aa1edb9dc03ef0ec20a0f819d297d5ed3bb997b497190067179da68,1,43,2,0
sense3-1,49,1746437037487285331,534,534,275360,e4ee8f656bcc7336b6f9c9e4265005af0a5637af60d451f7e40227c9b5d230da,1,44,2,0
sense3-1,50,1746437037921982053,534,534,275360,e4ee8f656bcc7336b6f9c9e4265005af0a5637af60d451f7e40227c9b5d230da,1,45,2,0
sense3-1,51,1746437038357705520,534,534,274988,dc4bdcb68b63644e6b78ee3c4b048e981e41b0811c02d6c4b0bf6ce4ec9947bd,1,46,1,0
sense3-1,52,1746437038794126766,534,534,275548,3482fa129d4d19b0544d0a72475d7dffe07a7cc2ed52ba1cbc10da7cc51b5d62,1,47,1,0
sense3-1,53,1746437039234356861,534,551,282277,9af5783619ff569b5de15ffacee519c33b13b69b492351f8724ec55fda2cdadf,1,48,1,0
sense3-1,54,1746437039666918146,534,534,274668,c9ac0c34c68959e229205f356820d30e6bf169d983358fd3f139e1407ce954e9,1,49,1,0
sense3-1,55,1746437040115545854,534,534,273702,02657d2a52c121ffa15189a4e358fd31d71191cc3447ec199522e319e20f9e01,0,,1,1
sense3-1,56,1746437040536043685,534,534,274307,843af93c4b040f386d850e52c0855b9106d43d586d4b8bbfb01edc50c9957dac,1,51,1,0
sense3-1,57,1746437041074642971,534,534,275175,e69dc05a5bee9a919862db98c5f47c5aef37146e7efbe288e834c8274466aed6,1,52,1,0
sense3-1,58,1746437041503683220,534,534,274103,59959b900fef7737ca0f42baef16fb090acafcb75919c8134fd5d2ddd8d081cd,1,53,1,0
sense3-1,59,1746437042076233993,534,534,276277,03190b0c806bf5c5d7ecef683519d070164e1bf62b9067ac9fa9505caddc46c6,1,54,1,0
sense3-1,60,1746437042796379869,684,684,447706,1c92ac0a094ae5e3162b2540c8b1cc4d88fd2a0967de4109e54f99b52dfbeb37,1,55,2,0
sense3-1,61,1746437043473443984,684,684,447706,1c92ac0a094ae5e3162b2540c8b1cc4d88fd2a0967de4109e54f99b52dfbeb37,0,,2,1
sense3-1,62,1746437044404216113,784,784,588128,e147d5369b546b3a707246debba2bb6204eaa9715ecd143af1038b6c03c892a1,1,57,1,0
sense3-1,63,1746437044829325632,534,534,276246,c015e0bec01de4a04e5786a4a77d5f65a054bd9693eac4aa33858e73a7778b29,0,,1,1
sense3-1,64,1746437045259835627,534,534,274011,75a7944bc747cef471d35d4c86960444765d4fe49a27522e4cd28ff6a8672bf7,1,59,4,0
sense3-1,65,1746437045686659888,534,534,274011,75a7944bc747cef471d35d4c86960444765d4fe49a27522e4cd28ff6a8672bf7,1,60,4,0
sense3-1,66,1746437046125642754,534,534,274011,75a7944bc747cef471d35d4c86960444765d4fe49a27522e4cd28ff6a8672bf7,1,61,4,0
sense3-1,67,1746437046580697778,534,534,274011,75a7944bc747cef471d35d4c86960444765d4fe49a27522e4cd28ff6a8672bf7,1,62,4,0
sense3-1,68,1746437047127101219,589,619,344823,0305cc6f3af39e9f1ec79dd49bb711d98ca2edff0da9f9ee58940b01c7699422,1,63,2,0
sense3-1,69,1746437047690917767,589,619,344823,0305cc6f3af39e9f1ec79dd49bb711d98ca2edff0da9f9ee58940b01c7699422,1,64,2,0
sense3-1,70,1746437048129444262,534,534,272593,64d8199056632c7e8657ffa57017c18b90888a0e73cccc12c7f15472c9affb09,1,65,2,0
sense3-1,71,1746437048568566668,534,534,272593,64d8199056632c7e8657ffa57017c18b90888a0e73cccc12c7f15472c9affb09,1,66,2,0
sense3-1,72,1746437048992905728,534,534,272831,f83b9b3d9077c55066acc7917254c2685ca5d3620bb933330e54a05806ea989b,1,67,1,0
sense3-1,73,1746437049499573219,596,567,321428,9d7c0d9dd1ae5516e572fd1c48c7be0181d9181ce6735899245db6e031a68e8c,0,,1,1
sense3-1,74,1746437050007651258,534,599,300138,905b39b825c3424b0e01cf2b0887356ebc6b3bc356919c1350a5c8214cf2f4a7,1,69,1,0
sense3-1,75,1746437050443501983,534,534,273090,66a1ce3e8f3d227433206e08c725473c79603e038321bc45cb0db6e0b4237766,1,70,1,0
sense3-1,76,1746437050896754695,534,534,274337,39f85d33cf708681c681b14956616d5a79b25d0c4cea52cca3bf902a6822c13f,1,71,1,0
sense3-1,77,1746437051471707132,602,648,374910,9e557e7118c9d14577e5ced1518db02595a91ac26f3e2f2c2b97cefb761d0980,1,72,1,0
sense3-1,78,1746437052213893489,689,737,483646,251c28aeabe286914e09ed3f0e1f0abdc285700d186b5f09077fe0675a3cca42,1,73,1,0
sense3-1,79,1746437052655579464,534,534,273175,2c16aa755ca359905ed0514268aee4401d6763192553e613a5a682022e5f95eb,0,,1,1
sense3-1,80,1746437053092749929,534,534,274181,d1d7fd184f32ec2ad725f96b7b03322acbddfd72947624ed92cacf472b5a4fca,1,75,1,0
sense3-1,81,1746437053524764593,534,534,274184,52caa870a164a87b292edce4ded95fd3d73ff6b77f8680e8e32a856e16c42187,1,76,1,0
sense3-1,82,1746437053972156914,534,535,266836,67a29b8faead9afb3074342b5bad9d65d2cb306344b2294baa873778c9728438,1,77,1,0
sense3-1,83,1746437054408218514,534,534,274796,25fa2f31b16ed180d4a9ef8ca93d22635323e6aa2242a34796500657900ef607,1,78,1,0
sense3-1,84,1746437056081133676,534,534,269259,f6287b358852cf94ae8ae052241c361664a270e86375fdd8a99d93c1198a8992,1,82,1,0
sense3-1,85,1746437056511735187,534,534,273620,4bf5cf6b86281cffe2b611c49e62410d8c40f79250ba7be2b8ec53c35f1dd7a9,1,83,1,0
sense3-1,86,1746437057098044708,534,534,273624,9e3c861f6f8c849af15db3cdf2aa6cef6c0ce3d72c2d7845ce47192e3e9eec0b,1,84,1,0
sense3-1,87,1746437057929219715,695,808,538078,9c0171ef8ba778a7571f13e336ddcbba25b433eb764ccb11f0e0e603469dd5d3,1,85,1,0
sense3-1,88,1746437058780041562,697,817,544441,8359aa926923d9fca121c189cd0464f293a1d5baae56604860fa25d428be7a18,1,86,1,0
sense3-1,89,1746437059212235583,534,534,272775,6db46cccfdf7e57204f577eef9a71a45f734947c7cc825ccefac6c9aa05a2a62,1,87,1,0
sense3-1,90,1746437059877366190,584,759,421725,535b395ff99c7e4ed2ab03242aff50d7010343c9d96afa66f59db854bbbd33f3,1,88,1,0
sense3-1,91,1746437060580615842,622,698,406788,d9ff51b98c7a58169c8cbaa00b384e2e991741098e0efd80fe4ea6c9d8aaa99e,1,90,1,0
sense3-1,92,1746437061029394692,534,534,271005,63554f6576e400bb944790236eb080156705ab4b66979d5d35acbac8173603de,1,91,1,0
sense3-1,93,1746437061472075960,534,534,271007,df7f41fe61ad26a140aff1650579f721ca92f14423cb15991b7e6b0383193f33,1,92,1,0
sense3-1,94,1746437061923935785,534,534,272017,2900996b75f0706eea0fdc5e7f88f586af0b0c372fb3e611abd5324bd047ef3f,1,93,1,0
sense3-1,95,1746437062425656398,534,588,296732,750c75d5f6b74073ec0090d3c8425c4b855dafe4d10ba5fda4f954ff33f29a8a,1,94,1,0
sense3-1,96,1746437062982500929,601,601,336053,ae9b9714d5e4bf4a9914f87193cc8e267eb9c0ff60f4c267a51e500564c186c7,1,95,1,0
sense3-1,97,1746437063453794820,534,534,271098,98da5e4423b2791adfdb73027dd035640503e0b83d3bfc8ac9d48369ed4c247b,1,97,1,0
sense3-1,98,1746437064403528221,657,762,470604,25b492f7c69b9a1d007e9bac8c8f1a4575f3de98e946841d50742b56e464ffb2,1,98,1,0
sense3-1,99,1746437065035840076,534,771,385418,ad7d1be7f137d6f27b55088944aafda0e0bad392744b36c15e8bf228daf05477,1,99,1,0
sense3-1,100,1746437065486419983,534,534,269969,50a059193f1c28bf492de66e9bda0ecbf68483ab474c2dbf123efebf8436e311,1,100,1,0
sense3-1,101,1746437065959584525,534,534,269715,eeddf98b2a3a59bc49393343213e35601db181046a8002fab4ee9a8bd246986f,1,101,1,0
sense3-1,102,1746437066471690760,534,632,314618,efba8e76233b86819d44639593f2945213791f7ba80ea99944f4655b6a3f3067,1,102,1,0
sense3-1,103,1746437067199977828,632,754,446142,7fd3c22cd5cf4bfc61db79726d09742a3d88fcc82dedddf0a659373c8b79d5ad,1,103,1,0
sense3-1,104,1746437067720181097,569,569,299082,78910170dd45ddbe302ec413c3ef2b85e18e4d7b252c9da9dd13ac90c176caeb,1,104,1,0
sense3-1,105,1746437068226414274,563,563,291545,ece891296a28732db3d9cf8ded8bb41e4f85d3d5a554292ffa346f107087d44f,1,105,2,0
sense3-1,106,1746437068725376035,563,563,291545,ece891296a28732db3d9cf8ded8bb41e4f85d3d5a554292ffa346f107087d44f,1,106,2,0
sense3-1,107,1746437069522259736,669,772,486250,204f30ffe4a1b3f14166bebb1346a176a863fc51c8d92350ddc7980758e7edd1,1,107,1,0
sense3-2,0,1746437147696222488,823,824,669385,fe46be649e1c030d7f1b74df998a68a5073428e28ba854110ac269ea44051871,0,,4,1
sense3-2,1,1746437148665490757,823,824,669385,fe46be649e1c030d7f1b74df998a68a5073428e28ba854110ac269ea44051871,0,,4,1
sense3-2,2,1746437149123807847,569,569,316754,a2c293f1643beb275fc5195f0bd02ed38e4abad22630ca1a8a66ac0a6133c44c,0,,8,1
sense3-2,3,1746437149606229273,569,569,316754,a2c293f1643beb275fc5195f0bd02ed38e4abad22630ca1a8a66ac0a6133c44c,0,,8,1
sense3-2,4,1746437150085793579,569,569,316754,a2c293f1643beb275fc5195f0bd02ed38e4abad22630ca1a8a66ac0a6133c44c,0,,8,1
sense3-2,5,1746437150550619003,569,569,316754,a2c293f1643beb275fc5195f0bd02ed38e4abad22630ca1a8a66ac0a6133c44c,0,,8,1
sense3-2,6,1746437150966933041,534,534,279999,431c6ddb310decf41ec0b5705c33b12aa579907d67d0cb98586b82e4b1c6c417,1,0,2,0
sense3-2,7,1746437151397196113,534,534,279999,431c6ddb310decf41ec0b5705c33b12aa579907d67d0cb98586b82e4b1c6c417,1,1,2,0
sense3-2,8,1746437151868396708,569,569,316754,a2c293f1643beb275fc5195f0bd02ed38e4abad22630ca1a8a66ac0a6133c44c,1,2,8,0
sense3-2,9,1746437152356710159,569,569,316754,a2c293f1643beb275fc5195f0bd02ed38e4abad22630ca1a8a66ac0a6133c44c,1,3,8,0
sense3-2,10,1746437153348297063,823,824,669385,fe46be649e1c030d7f1b74df998a68a5073428e28ba854110ac269ea44051871,1,4,4,0
sense3-2,11,1746437154301741034,823,824,669385,fe46be649e1c030d7f1b74df998a68a5073428e28ba854110ac269ea44051871,1,5,4,0
sense3-2,12,1746437154761997920,569,569,316754,a2c293f1643beb275fc5195f0bd02ed38e4abad22630ca1a8a66ac0a6133c44c,1,6,8,0
sense3-2,13,1746437155233249212,569,569,316754,a2c293f1643beb275fc5195f0bd02ed38e4abad22630ca1a8a66ac0a6133c44c,1,7,8,0
sense3-2,14,1746437155662581268,548,534,286464,0dbc64af4945177f51072b907065aded0996991ffa90fce8f4c9d2d9d18a494b,1,8,2,0
sense3-2,15,1746437156104540250,548,534,286464,0dbc64af4945177f51072b907065aded0996991ffa90fce8f4c9d2d9d18a494b,1,9,2,0
sense3-2,16,1746437156552999942,565,534,294768,643016ae603fa9705304d87575fa477a4dd60a927262a7b8c67c7fe81901fab0,1,10,1,0
sense3-2,17,1746437156995735113,534,534,279543,72d8c340004c8d494f56c2cb6a509b7b257c1b60f9b5610336e79a860e01844d,1,11,1,0
sense3-2,18,1746437157518606577,602,602,355609,061a69ddc97994f5bc8ff69a607ccbeaa8b17786ca3f5d62ec57cc8747fb614b,1,12,1,0
sense3-2,19,1746437157931219917,534,534,280607,7b2b5f4450c7d591d74f7998096e04db556c37fd3087b28195e5733cf40de4f9,1,13,1,0
sense3-2,20,1746437158344523568,534,534,279687,2bd9858987415ef5b1899455257b48f0e0b0025869a49465aa4ee1e4cd88adbd,1,14,1,0
sense3-2,21,1746437158787327563,534,534,279653,af84f3c80ef775023088acc7b723a6d9a8c4f96ad387eb293541b8731514b86f,1,15,1,0
sense3-2,22,1746437159216195240,534,534,280466,42532dc64be0d3c8501c5c7381ec533cf1df237d792e88cf9da1c989d648615c,1,16,2,0
sense3-2,23,1746437159646173842,534,534,280466,42532dc64be0d3c8501c5c7381ec533cf1df237d792e88cf9da1c989d648615c,1,17,2,0
sense3-2,24,1746437160071502131,534,534,279466,c4fa45a034b65051f42af948a3c644d0111fd735d0d94532b5a138fb0057f710,1,18,1,0
sense3-2,25,1746437160497381772,534,534,279468,3406e0abe9476d41a7a41626b5e9f536802404ef4580d2deaf536e8c9eeecb3e,0,,1,1
sense3-2,26,1746437160922507751,534,534,274887,3c21f345eccfec3edd6efc0f385b55311ad4f0da59e07da60551ecc4979b3142,1,20,3,0
sense3-2,27,1746437161354920447,534,534,274887,3c21f345eccfec3edd6efc0f385b55311ad4f0da59e07da60551ecc4979b3142,1,21,3,0
sense3-2,28,1746437161779126636,534,534,274887,3c21f345eccfec3edd6efc0f385b55311ad4f0da59e07da60551ecc4979b3142,1,22,3,0
sense3-2,29,1746437162208137200,534,534,274886,64db5b0586014c7f2873018a3238d3330347506f4e4edd784dd2cdb0ca3863cd,1,23,2,0
sense3-2,30,1746437162627506017,534,534,274886,64db5b0586014c7f2873018a3238d3330347506f4e4edd784dd2cdb0ca3863cd,1,24,2,0
sense3-2,31,1746437163070289311,534,534,274886,e0e6b6057e2174fc3b0c61446bbc375e3a2c51a1b92afc6568f096bf90889945,1,25,1,0
sense3-2,32,1746437163497579112,534,534,275047,8ef7b0d1cb4919505118e66c1bd3027d7c9607c38bdb712c7957b41e39bece24,1,26,2,0
sense3-2,33,1746437163918801833,534,534,275047,8ef7b0d1cb4919505118e66c1bd3027d7c9607c38bdb712c7957b41e39bece24,1,27,2,0
sense3-2,34,1746437164335279242,534,534,275115,0f50431703994cc387ea9a5a453375a01e6f582e7cbcdb9e514a4cc208317702,1,28,2,0
sense3-2,35,1746437164751508162,534,534,275115,0f50431703994cc387ea9a5a453375a01e6f582e7cbcdb9e514a4cc208317702,1,29,2,0
sense3-2,36,1746437165177798323,534,534,274657,26d3b2963302ef136e41b49703558ba0c8908287f23ffd2d1bc02ea1980807af,1,30,1,0
sense3-2,37,1746437165611058502,534,534,274658,a947a0bee3524607a38b8f77298b64ab1c0a2a8625f0104068038f87f76f79d7,1,31,1,0
sense3-2,38,1746437166048450044,534,534,274247,366e3a43df6b093daf0987f1dd90e76f2d157a13913d43deeaf24443ec8ab250,1,32,2,0
sense3-2,39,1746437166477571756,534,534,274247,366e3a43df6b093daf0987f1dd90e76f2d157a13913d43deeaf24443ec8ab250,1,33,2,0
sense3-2,40,1746437166906508341,534,534,274005,84430f0c57c6109336ad1e2af89e5529a7b12d6a5fdf406b0076ad71453644dd,1,34,1,0
sense3-2,41,1746437167330555077,534,534,274700,4897f770f12ede750778fa6e01933bc3bcf105025aa818e49621dd841078c6aa,1,35,1,0
sense3-2,42,1746437167750337372,534,534,275562,d88829666606a62b8a1d1a5e7ab9ad27ed8808b404aead2e0cf7adf4ac68a24d,1,36,1,0
sense3-2,43,1746437168265444692,602,578,333778,d1874505f3a145db269f008db7a6cc03d51468ce1fe14c11d475589d7ec5a630,1,37,1,0
sense3-2,44,1746437168682911053,534,534,275453,4f13bc2cda88ae81e05acf55082cc91c065297995ab813b051771ece407ddb6a,1,38,2,0
sense3-2,45,1746437169110019726,534,534,275453,4f13bc2cda88ae81e05acf55082cc91c065297995ab813b051771ece407ddb6a,1,39,2,0
sense3-2,46,1746437169534977762,534,534,277551,e4c5299a621730de70f71f4fdf7af123ce2436f48ac47dc6ada4e9a85506d454,1,40,6,0
sense3-2,47,1746437170098483561,534,534,277551,e4c5299a621730de70f71f4fdf7af123ce2436f48ac47dc6ada4e9a85506d454,1,41,6,0
sense3-2,48,1746437170532173935,534,534,277551,e4c5299a621730de70f71f4fdf7af123ce2436f48ac47dc6ada4e9a85506d454,1,42,6,0
sense3-2,49,1746437171098482775,534,534,277551,e4c5299a621730de70f71f4fdf7af123ce2436f48ac47dc6ada4e9a85506d454,1,43,6,0
sense3-2,50,1746437171530137398,534,534,277551,e4c5299a621730de70f71f4fdf7af123ce2436f48ac47dc6ada4e9a85506d454,1,44,6,0
sense3-2,51,1746437172077116344,534,534,277551,e4c5299a621730de70f71f4fdf7af123ce2436f48ac47dc6ada4e9a85506d454,1,45,6,0
sense3-2,52,1746437172491424986,534,534,276465,a884cb902db07b3dbe99986cff817f5db84ca3b209f83c0487fab960831ea605,1,46,2,0
sense3-2,53,1746437173078308586,534,534,276465,a884cb902db07b3dbe99986cff817f5db84ca3b209f83c0487fab960831ea605,1,47,2,0
sense3-2,54,1746437173510903644,534,534,275721,eb33972e9fe105cb456b1668714f84f1a32ded3fd5975471ef9353f7af78a59d,1,48,2,0
sense3-2,55,1746437174209497196,534,534,275721,eb33972e9fe105cb456b1668714f84f1a32ded3fd5975471ef9353f7af78a59d,1,49,2,0
sense3-2,56,1746437174662016793,534,534,276637,998c04d3b0b7d12fc466d55c908426dd7cb9bc13ecc9d13b033fc4b67c4540e7,1,50,1,0
sense3-2,57,1746437175102168248,534,534,276636,75fbf9656fb0f6c96cd3bab9f70116abb12853d8be131538bf92e9b6957aa056,1,51,1,0
sense3-2,58,1746437175520001933,534,534,276163,07b95c0da5f7f30531fb492919f6fa2c457584e8df3d36f0a7aed8380185d29e,1,52,2,0
sense3-2,59,1746437176101655466,534,534,276163,07b95c0da5f7f30531fb492919f6fa2c457584e8df3d36f0a7aed8380185d29e,1,53,2,0
sense3-2,60,1746437176552154181,534,534,276238,77dd018e95cf54dd4ca500735c6c936e0ffa15f2247266c85969b11c8461380e,1,54,1,0
sense3-2,61,1746437177113128473,534,534,276239,b44df71649750f8136ddb1a20dbe73554e67841638eefa4b8a69684530bd095b,1,55,1,0
sense3-2,62,1746437177543193353,534,534,275925,43362306efc4a91bdfc53b167f2d26969be3487e46ef19b095c8ad2bc657abde,1,56,1,0
sense3-2,63,1746437178087340488,534,534,275928,3b94a20a80d12c6997bd600b14cfea0ec78fb775b7d4b51a13a870660d3f0422,1,57,2,0
sense3-2,64,1746437178531788046,534,534,275928,3b94a20a80d12c6997bd600b14cfea0ec78fb775b7d4b51a13a870660d3f0422,1,58,2,0
sense3-2,65,1746437179077219475,534,534,272891,08d01c0a2ab752a5aad201df27755755766c470128de84b069f56434860668f3,1,59,1,0
sense3-2,66,1746437179519295061,534,534,275842,1e4bf5021b40301b41ee524688f56ee610734bc2a1182f78110bb00140eb8174,1,60,1,0
sense3-2,67,1746437180156705722,534,591,301916,5850802963ab63852f48ef1b034523a097b0d0c1cf29beecd1ddced51ac2d871,1,61,1,0
sense3-2,68,1746437180642393086,534,593,302206,30ccd1f2142b06f7a182fb4d5db0b224d418303e603192d6672a14dcb30c1936,1,62,1,0
sense3-2,69,1746437181098298396,534,534,275170,2534f2b4b77ee923e64c6a4c4cb06a6c1abc040d17cd778b3530562d83588f67,1,63,1,0
sense3-2,70,1746437181541531638,534,534,275618,656f01222b965b04c91192a5587402fb361bddc2f94e5a072236c8fb33d3fd74,1,64,1,0
sense3-2,71,1746437182108942113,534,534,275616,c4952dd0b7b721bb30ee55a5213d3dcac0c450a03b1f5f2f6b68e16af1e637a2,1,65,1,0
sense3-2,72,1746437182550021932,534,534,275764,04b6765d028ad0ee80499b62b83b24a67f9dea865c986af828a351aa0e79da90,1,66,1,0
sense3-2,73,1746437183122691963,534,534,275764,79d72da30dc4233cbd2cd5f0321a4e3630be40e4ee2e6dbe1fb312d210cc9bbe,1,67,1,0
sense3-2,74,1746437183562271512,534,534,275669,8ee8ab393dfb28129ff60f2d00e36c1ef6398ad39a670b9fead76d61b05fbefb,1,68,1,0
sense3-2,75,1746437184097935467,534,534,275668,90e4c0cd0b05e90cc83890e4854f0a787b3d2b90a832ebd5add6f1d4b18eae58,1,69,1,0
sense3-2,76,1746437184544202963,534,534,275459,b32092c967df4105553010b59f5e7dd6a7f858b80ef778f6e005b0902d8b1a66,1,70,2,0
sense3-2,77,1746437185102750158,534,534,275459,b32092c967df4105553010b59f5e7dd6a7f858b80ef778f6e005b0902d8b1a66,1,71,2,0
sense3-2,78,1746437185538884663,534,534,275087,e994e4cd926a198db76834575ba856e9ffd3b6ee64d8fea0b59113356c64ee3d,1,72,2,0
sense3-2,79,1746437186096516718,534,534,275087,e994e4cd926a198db76834575ba856e9ffd3b6ee64d8fea0b59113356c64ee3d,1,73,2,0
sense3-2,80,1746437186541614996,534,534,275125,47ff81ea7042be7922ac02a1de82881e46afd178fb2378b8c83632fa36208131,1,74,1,0
sense3-2,81,1746437187096592308,534,534,275126,36443efcf358efac59d7d5482f4c2390914a42353af45afcc2743d927d4df46c,1,75,1,0
sense3-2,82,1746437187533454589,534,534,275388,f72a7ae5153395a4fbaf0dd5a2be96c885574298a42d93e9e44f12ca8f7f1a63,1,76,2,0
sense3-2,83,1746437188097542776,534,534,275388,f72a7ae5153395a4fbaf0dd5a2be96c885574298a42d93e9e44f12ca8f7f1a63,1,77,2,0
sense3-2,84,1746437188537398885,534,534,275067,64e0e60b9221251cab1fd40e8b53ffc115a18626ee3b688feaa199aca29ee1c8,1,78,1,0
sense3-2,85,1746437189189995278,534,534,275267,b930500b2bc656a9dc328ab103dfdd1385e2257da3b14d499b777ebc6a755b09,1,79,5,0
sense3-2,86,1746437189629290472,534,534,275267,b930500b2bc656a9dc328ab103dfdd1385e2257da3b14d499b777ebc6a755b09,1,80,5,0
sense3-2,87,1746437190124685588,534,534,275267,b930500b2bc656a9dc328ab103dfdd1385e2257da3b14d499b777ebc6a755b09,1,81,5,0
sense3-2,88,1746437190553811651,534,534,275267,b930500b2bc656a9dc328ab103dfdd1385e2257da3b14d499b777ebc6a755b09,1,82,5,0
sense3-2,89,1746437191115104465,534,534,275267,b930500b2bc656a9dc328ab103dfdd1385e2257da3b14d499b777ebc6a755b09,1,83,5,0
sense3-2,90,1746437191546300987,534,534,275347,ed815938cda9e95c41fd82c4ba55468fc8c4f760e041bd2846b9015db8ef6156,1,84,2,0
sense3-2,91,1746437192681669567,738,914,646346,b01798b9ec8fcb016935eecfb3072b9accf14125e7031c6a4a78fca51c9b3fdb,1,85,1,0
sense3-2,92,1746437193104735081,534,534,275347,ed815938cda9e95c41fd82c4ba55468fc8c4f760e041bd2846b9015db8ef6156,0,,2,1
sense3-2,93,1746437193543224558,534,534,274769,064c9c47bdc5682e95c0fa23d48acac8537d98f8ee4a14f7eb4f423fe46c4da7,1,87,1,0
sense3-2,94,1746437193968209056,534,534,274950,794d57ead5f000ae7b99b3e22607d847883fdf4ad1f7b28b7b445a8880865431,1,88,2,0
sense3-2,95,1746437194391294565,534,534,274950,794d57ead5f000ae7b99b3e22607d847883fdf4ad1f7b28b7b445a8880865431,1,89,2,0
sense3-2,96,1746437194821806685,534,534,273019,3368569d007bb030dbfd7507902754210c30cb8d38395a2f0e88090e56591e77,1,90,2,0
sense3-2,97,1746437195265357864,534,534,273019,3368569d007bb030dbfd7507902754210c30cb8d38395a2f0e88090e56591e77,1,91,2,0
sense3-2,98,1746437195712949092,534,534,272765,278f03e8514a0ab15760be44a16ef2ce78b7c81a23656592c3719a634292862b,1,92,2,0
sense3-2,99,1746437196170414610,534,534,272765,278f03e8514a0ab15760be44a16ef2ce78b7c81a23656592c3719a634292862b,1,93,2,0
sense3-2,100,1746437196622640122,534,534,272401,ee1481af4155d489488d723db0a561d350437d8be1f68a7c41fc32b5a4a60e2a,1,94,1,0
sense3-2,101,1746437197311240929,643,631,382411,0ac8cce56fa202aa60a2f1ca4a41b0175296996f80bf4113cdf0589479a9fcd4,1,95,1,0
sense3-2,102,1746437197765737670,534,534,272577,4a54fd09ce43166a830721567f389275399dafbc121b61c6dce1cda5e83a8f29,1,96,2,0
sense3-2,103,1746437198210595925,534,534,272577,4a54fd09ce43166a830721567f389275399dafbc121b61c6dce1cda5e83a8f29,1,97,2,0
sense3-2,104,1746437198657513315,534,534,272087,bfd0bc5d17c0f459972bbb78ec02ca437818140ba8cd2fcafd9a04b103586847,1,98,2,0
sense3-2,105,1746437199106694578,534,534,272087,bfd0bc5d17c0f459972bbb78ec02ca437818140ba8cd2fcafd9a04b103586847,1,99,2,0
sense3-2,106,1746437199776145317,658,669,417519,71857c86d5191580799746154110eb0d575582e27a63d50f764460a5f4d53e3c,1,100,1,0
sense3-2,107,1746437200198492108,534,534,271236,ec7ac0f81ee4dbf3451673f87c78748f4edc00f66d309fef3987773eb0e6e04c,1,101,1,0
sense3-2,108,1746437200638914635,534,534,271422,3a4c3cc5aad118a44826334ee2d20d678eb151973b1e5bc985daa7bdf977739d,1,102,2,0
sense3-2,109,1746437201194472986,534,534,271422,3a4c3cc5aad118a44826334ee2d20d678eb151973b1e5bc985daa7bdf977739d,1,103,2,0
sense3-2,110,1746437201627680667,534,534,271142,1a30222d6f1ed5028d54a7897a6d703d11fb7938d8baca1d3c8a85e5fa82d258,1,104,2,0
sense3-2,111,1746437202097701579,534,534,271142,1a30222d6f1ed5028d54a7897a6d703d11fb7938d8baca1d3c8a85e5fa82d258,1,105,2,0
sense3-2,112,1746437202769240476,635,688,416279,9f49cb1731f22ad0cb024ddca47632cb5ae75e1ee61ef0f8acc07927fbeebcf4,1,106,1,0
sense3-2,113,1746437203416094048,635,693,418955,0a445a137785f9689927c96e048df6f096d14032ef0d69a70669f3b0a3128531,1,107,1,0
sense3-2,114,1746437203858086753,534,534,273378,a8241585667ec09b148d154a2e34239c6899eef530cf2c71ff157a0689f5e4b3,1,108,2,0
sense3-2,115,1746437204285337873,534,534,273378,a8241585667ec09b148d154a2e34239c6899eef530cf2c71ff157a0689f5e4b3,1,109,2,0
sense4-1,0,1746445814482270479,1006,1006,999945,6d20ad8e0b995da4f61d2103ca9f9d4a5240816b46e7e637cdf64861139e592e,1,1,8,0
sense4-1,1,1746445815871062558,1006,1006,999945,6d20ad8e0b995da4f61d2103ca9f9d4a5240816b46e7e637cdf64861139e592e,1,2,8,0
sense4-1,2,1746445817276064824,1006,1006,999945,6d20ad8e0b995da4f61d2103ca9f9d4a5240816b46e7e637cdf64861139e592e,1,3,8,0
sense4-1,3,1746445818699375464,1006,1006,999945,6d20ad8e0b995da4f61d2103ca9f9d4a5240816b46e7e637cdf64861139e592e,1,4,8,0
sense4-1,4,1746445820104588198,1006,1006,999945,6d20ad8e0b995da4f61d2103ca9f9d4a5240816b46e7e637cdf64861139e592e,1,5,8,0
sense4-1,5,1746445821516445712,1006,1006,999945,6d20ad8e0b995da4f61d2103ca9f9d4a5240816b46e7e637cdf64861139e592e,0,,8,1
sense4-1,6,1746445822933554843,1006,1006,999945,6d20ad8e0b995da4f61d2103ca9f9d4a5240816b46e7e637cdf64861139e592e,0,,8,1
sense4-1,7,1746445824363905610,1006,1006,999945,6d20ad8e0b995da4f61d2103ca9f9d4a5240816b46e7e637cdf64861139e592e,0,,8,1
sense4-1,8,1746445824780276832,534,534,278759,ecacb478f2c08a140b7d66bacf44cf305fba63bde94e2c3b2db8903474468a5e,1,8,1,0
sense4-1,9,1746445825201707961,534,534,280271,6e36a1167ac45849422dc20ef2c3f69ca547f66d54cc7a6394cd6ab99cce6826,1,11,1,0
sense4-1,10,1746445825620840519,534,534,280269,6a84c71856aa2582d5d9442d0957224cc3d66e2e99be348b04d47ce5bb4305a2,1,12,1,0
sense4-1,11,1746445826054730965,534,534,280654,18589d0569d87a3e249d0253731a8fc3a89bc44defcb7069fbe52a5cbd62cd1e,1,13,1,0
sense4-1,12,1746445826476096999,534,534,280657,c46d6b590428968bf758078144ce405b86b9bf6961703eda362d02a57dd33a1e,1,14,1,0
sense4-1,13,1746445826891368774,534,534,280689,f008a1045ea2556b0d1c2b28563647d987bb1f7bd7ccdfa50d56cfd7c24f377c,1,15,1,0
sense4-1,14,1746445827293136167,534,534,280687,df98233db5f10b79be874e58258b6c943db649b919c83ce09109aa2bff94cf47,1,16,1,0
sense4-1,15,1746445827702985557,534,534,279040,04c95dec34424fc2c07f3d984bedb1d99c5a3315d0f88ab7f5fe0261340cfd97,1,17,1,0
sense4-1,16,1746445828124654627,534,534,279051,566dad29852f243496f54325d4d7b1c9c190a277515a68878d7e0550b5f2d20d,1,18,1,0
sense4-1,17,1746445828550211185,534,534,278766,44e66575b613fc9faec7c1097109f896eea890b76c768d1962b20f3968ae2c28,1,19,2,0
sense4-1,18,1746445828992839385,534,534,278766,44e66575b613fc9faec7c1097109f896eea890b76c768d1962b20f3968ae2c28,1,20,2,0
sense4-1,19,1746445829405030702,534,534,278889,bb9262e4c2da2d33d1cafc1ae203c3d84c779b04c1b322f925736b45fb0ef760,1,21,2,0
sense4-1,20,1746445829822497873,534,534,278889,bb9262e4c2da2d33d1cafc1ae203c3d84c779b04c1b322f925736b45fb0ef760,1,22,2,0
sense4-1,21,1746445830241503108,534,534,280171,13f533b3720b112f57472f1894a527ed9869eede6e11c96a75d38862111db12f,1,23,2,0
sense4-1,22,1746445830655777059,534,534,280171,13f533b3720b112f57472f1894a527ed9869eede6e11c96a75d38862111db12f,1,24,2,0
sense4-1,23,1746445831079577443,534,534,279411,eeb0461e876f31f53cd468bd66796853c6c1610d1c3afc20494eb54ad1e6fc80,1,25,2,0
sense4-1,24,1746445831489739482,534,534,279411,eeb0461e876f31f53cd468bd66796853c6c1610d1c3afc20494eb54ad1e6fc80,1,26,2,0
sense4-1,25,1746445832376889280,775,774,585233,8253fb3f0dfa684a6608e88814fa319d8b9f85f58080e99338de7227293c1d5e,1,27,1,0
sense4-1,26,1746445833230616920,779,779,591967,5ed1005231fc2ab4f8fdec100641729565db622984c7e031665e1b3b03eef8ad,1,28,1,0
sense4-1,27,1746445833625516797,534,534,277527,e5e76fe8e1baa0a8b539e4ee71015c7db33c6a6db5f95e1d882954000292d589,1,29,2,0
sense4-1,28,1746445834045229009,534,534,277527,e5e76fe8e1baa0a8b539e4ee71015c7db33c6a6db5f95e1d882954000292d589,1,30,2,0
sense4-1,29,1746445834477674440,534,534,276777,e3de282a89174be65ef39141eaa801ea9e79b2aa495864e0959419370fc9b332,1,31,2,0
sense4-1,30,1746445834894931136,534,534,276777,e3de282a89174be65ef39141eaa801ea9e79b2aa495864e0959419370fc9b332,1,32,2,0
sense4-1,31,1746445835473173347,634,629,386308,f6632e4f753c53a2e465267f507e49a19e1509503ec9db089e7d64f40e13619e,1,33,2,0
sense4-1,32,1746445836052386291,634,629,386308,f6632e4f753c53a2e465267f507e49a19e1509503ec9db089e7d64f40e13619e,1,34,2,0
sense4-1,33,1746445836859818124,741,741,532993,6b246e4cd4383a092dfd59ca5ac17a1ff6efb935817b7c33b87d3e95250c2014,1,35,2,0
sense4-1,34,1746445837634088476,741,741,532993,6b246e4cd4383a092dfd59ca5ac17a1ff6efb935817b7c33b87d3e95250c2014,1,36,2,0
sense4-1,35,1746445838043586431,534,534,277804,0c8d7f59157f71c59fd34afd896fe36a0ee6de9a770969b695b7751ba7eba8f5,0,,1,1
sense4-1,36,1746445838452652351,534,534,277805,587446d630c15565ec97098b9a78709623d6a6f7af3c6ecb3f3a2a988f45d96f,1,38,1,0
sense4-1,37,1746445838877563804,534,534,275125,2e7b79521b90e813223a8f0289d5d0a753e62fe5089a116dfeeaf44edcbc2028,1,39,1,0
sense4-1,38,1746445839337504975,581,534,301112,1a31215fa4ab58598c77084b25259b03cd20ad861701ab3d2a6d121cc3a2097f,1,40,1,0
sense4-1,39,1746445839774932993,534,534,277104,83e23bc0655c299fedc2ea5c099c20605399ab74774ac8d398093e5617a1be24,1,41,1,0
sense4-1,40,1746445840299930495,608,607,357236,8e94db8f08d158263384d2b4d102d8534bd9404de5bdaa25134a9dc4c6abb56d,1,42,1,0
sense4-1,41,1746445840720299885,534,534,276809,a547a301f5e26c93d65524c03e90f28cf16200849ac75da75b200b69a0d79d83,1,43,2,0
sense4-1,42,1746445841135025869,534,534,276809,a547a301f5e26c93d65524c03e90f28cf16200849ac75da75b200b69a0d79d83,1,44,2,0
sense4-1,43,1746445841557585764,534,534,276611,ccf3b06bdbf2191f540e3dc124fea1231504e4b5d65ebcc3063c087eb7e591ad,1,45,2,0
sense4-1,44,1746445841990747696,534,534,276611,ccf3b06bdbf2191f540e3dc124fea1231504e4b5d65ebcc3063c087eb7e591ad,1,46,2,0
sense4-1,45,1746445842840633252,766,766,570361,bf2689823ef6037180f6e6ce339c6bd6fec54f558e5dfaa847c39127e4020699,0,,1,1
sense4-1,46,1746445843605635456,730,730,517159,a3ff8a98ff3ef98f910b9ea7edc7800b9858e34b87731224aede5da286255158,1,49,1,0
sense4-1,47,1746445844026540434,534,534,277520,dee997e102eb0fb3584ad75a608883bc035d8d3a989e2d1bf798d56f3e84187c,1,50,2,0
sense4-1,48,1746445844447014877,534,534,277520,dee997e102eb0fb3584ad75a608883bc035d8d3a989e2d1bf798d56f3e84187c,0,,2,1
sense4-1,49,1746445844879269658,534,534,276942,718b53053f93c5b5141f621b088ba4877c4c8a69a21e96ec01e30a19ed1181fc,1,51,1,0
sense4-1,50,1746445845590357815,711,711,491504,8147efdc5445e91eaa2ec4a5761c4459b015d6b2aa1be9878e4ee512a029eeac,1,52,1,0
sense4-1,51,1746445846032126691,534,534,276985,4abcdfc50eb99c213205128bbf3283f267c8c1656ca70bdf29c5ef5bbd250481,1,53,2,0
sense4-1,52,1746445846447379694,534,534,276985,4abcdfc50eb99c213205128bbf3283f267c8c1656ca70bdf29c5ef5bbd250481,1,54,2,0
sense4-1,53,1746445847007703470,635,605,372181,682d3d58662817bdda37ddafd8342b578b3a241b78f5faafe93f060a6e0e84e7,1,55,1,0
sense4-1,54,1746445847428035590,534,534,276146,231e24a9f8a21d504abb460f3a04414c367d30854a6270576bc9c8747afb2f26,1,56,1,0
sense4-1,55,1746445847887623054,534,579,297446,e2c9423c3f924f39252ed1e6917c9a2f615247752f9a8b3089a67449c5850e84,1,57,1,0
sense4-1,56,1746445848310597717,534,534,275495,446a50cf7e6f3fc55d3cde87366100f8a65a31ee3e1b9fe8162ee13eec453f00,1,58,1,0
sense4-1,57,1746445848751397750,534,534,275258,e77c6f477e3c3b2f35769d3074edfcbad2a48847f45d55500318875c72ae2d6f,1,59,2,0
sense4-1,58,1746445849177402467,534,534,275258,e77c6f477e3c3b2f35769d3074edfcbad2a48847f45d55500318875c72ae2d6f,1,60,2,0
sense4-1,59,1746445849596687551,534,534,274746,8c66298caf6506e7b4bc4b1fbcde75e7344e69dc9483d83e65f765ecb1545b30,1,61,1,0
sense4-1,60,1746445850519722062,796,797,615280,4b784e114d2044afaec731603ab1b620201f376d28c6c34f102ea2a83020c9f2,1,62,1,0
sense4-1,61,1746445851472088978,798,798,618261,42ec4ed1e838759b1219373b706ce88de493c5acb039649b98b673a9fefe8dc4,1,63,2,0
sense4-1,62,1746445852393181167,798,798,618261,42ec4ed1e838759b1219373b706ce88de493c5acb039649b98b673a9fefe8dc4,1,64,2,0
sense4-1,63,1746445853289437626,793,792,609486,b4b007d175d19127677ffd2a486efa9b45389807702264889de59c3cbf66be32,1,65,1,0
sense4-1,64,1746445853711388981,534,534,274878,3deeaae370bbb9a8c0f754b66bc4116c58f27e02d245911e1e4adab478fde1fb,0,,1,1
sense4-1,65,1746445854143545217,534,534,274571,cee4214e8c517505942dd977814beef870d564bff2c2696105c3f0df5b9cf72f,1,69,1,0
sense4-1,66,1746445854815658240,665,665,419783,e7f44b4e1704f5c6e3a363bfc382e8b53a98a6f85998aae5c57d8b3691c0a693,1,70,1,0
sense4-1,67,1746445855253200557,534,534,274555,c6fcbcf3b4d5e094edb7a92609c1155db2f5024f3a9e904eff6dff59fce17eec,1,71,2,0
sense4-1,68,1746445855674861629,534,534,274555,c6fcbcf3b4d5e094edb7a92609c1155db2f5024f3a9e904eff6dff59fce17eec,1,72,2,0
sense4-1,69,1746445856114598430,551,534,280075,c74fee3317ee0a24a36780c3fe21539e8363c9adb21e70a7bdd99af69c4e65cb,1,73,1,0
sense4-1,70,1746445856609135164,547,603,311034,137ddec8b44c8242b28a1632fdc96dbe06cc27f5f7a66ac4002440def48dd3b0,1,74,1,0
sense4-1,71,1746445857038654854,534,534,274972,5055bc80762b83bba82299c588ffa6ec5c662525d72d81b6c1060e0ddeed17b8,1,75,1,0
sense4-1,72,1746445857511231380,538,600,306957,1bfdf25dea47fe1b4711a148a93998d0dd23329fadf31c69fc87c3a2ce72585b,1,76,1,0
sense4-1,73,1746445857933629450,534,534,273431,7ad50a66e521d9e877d3091b2b165342185c1a98f61833a1296cc5801b9e7185,1,77,1,0
sense4-1,74,1746445858376946596,534,534,273438,7db7b77b49a3cfc7a76539959af41a9c844a223f19cbea682b611e30a19682f8,1,78,1,0
sense4-1,75,1746445858821392067,534,534,273573,92b48bd106f7b13d03378a220b96a73a4fee9188b5dc4dc68593ac178af87cbc,1,79,2,0
sense4-1,76,1746445859281971165,534,534,273573,92b48bd106f7b13d03378a220b96a73a4fee9188b5dc4dc68593ac178af87cbc,1,80,2,0
sense4-1,77,1746445859718365190,534,534,273286,00af6cdf97d77bf7fd93821d48ebc4baacf1cb4b5a58ab7bee826e39bb625e73,1,81,2,0
sense4-1,78,1746445860157354977,534,534,273286,00af6cdf97d77bf7fd93821d48ebc4baacf1cb4b5a58ab7bee826e39bb625e73,1,82,2,0
sense4-1,79,1746445860588885914,534,534,274313,c1819a2f20064f98970d3e756ae2ecd8724705c8798ea24a2dadb674cbb871ed,1,83,2,0
sense4-1,80,1746445861053182105,534,534,274313,c1819a2f20064f98970d3e756ae2ecd8724705c8798ea24a2dadb674cbb871ed,1,84,2,0
sense4-1,81,1746445861542770718,534,534,274455,8070aa6a8f06bfac39dfad82799f7e9d882cfc45c700f9fc0703d014570cfc31,1,86,1,0
sense4-1,82,1746445861990028128,534,534,272917,20c2d033b10b24880134d2af893d206ad13417df6f88350e03ccd95f531c94c4,1,87,1,0
sense4-1,83,1746445862432190041,534,534,272917,2142e2e9a869fb96be2a70baefa5bc9bb850046b78dccbf86d4c82080ec7638d,1,88,1,0
sense4-1,84,1746445862868155822,534,534,274032,b412722b85a4c1b35095e7c0edc93a80d15464e4962c61c847196339d3591c28,1,89,2,0
sense4-1,85,1746445863297398450,534,534,274032,b412722b85a4c1b35095e7c0edc93a80d15464e4962c61c847196339d3591c28,1,90,2,0
sense4-1,86,1746445863824980992,534,626,314052,b42f6976a9bb1477875bc7dc288130f21c20c4c461bcabc910b070e51343f175,0,,1,1
sense4-1,87,1746445864328224084,534,620,309929,a037e862f65f57a39338023dfb89b1d0fde72f54a478960c2d5684028e31b17d,1,92,1,0
sense4-1,88,1746445864776845669,534,534,273219,cb82e164298dd1676bb02fb5da556b5b65477a67b995ff2c73943c2235f92ccb,1,93,2,0
sense4-1,89,1746445865213281508,534,534,273219,cb82e164298dd1676bb02fb5da556b5b65477a67b995ff2c73943c2235f92ccb,1,94,2,0
sense4-1,90,1746445865662067133,534,534,273268,cc0ceffd20cd21f295554f1fe212c5336f79ce169d0cfbeec680e7687fd02fd5,1,95,2,0
sense4-1,91,1746445866103204056,534,534,273268,cc0ceffd20cd21f295554f1fe212c5336f79ce169d0cfbeec680e7687fd02fd5,1,96,2,0
sense4-1,92,1746445866525162637,534,534,271941,efdf0ed1f9c87d60e9ed1b02d312781bd85fb1ae691054f43c8c9f759fcd9f3e,1,97,1,0
sense4-1,93,1746445866968810764,534,534,271942,1e0002bec8cb5784c80ce48a0df589368dd0a5c33176e75b2fe5aeea81056407,1,98,1,0
sense4-1,94,1746445867399817465,534,534,272173,122dcf120c327a25ec8bc036fbca3b03945a98ceb4231863a8755156de09904d,1,99,2,0
sense4-1,95,1746445867855219203,534,534,272173,122dcf120c327a25ec8bc036fbca3b03945a98ceb4231863a8755156de09904d,1,100,2,0
sense4-1,96,1746445868293168673,534,534,271852,61aa1bf4cf0294eb02180af5eb6e6ec79fbcf968db126ba86b91b70b44ed6fb6,1,101,2,0
sense4-1,97,1746445868732403516,534,534,271852,61aa1bf4cf0294eb02180af5eb6e6ec79fbcf968db126ba86b91b70b44ed6fb6,1,102,2,0
sense4-1,98,1746445869164999816,534,534,271635,c18d015dc2d4976055a80f9575e38b540e5ea7467b22c6eee0dc8f0f687ce872,1,103,2,0
sense4-1,99,1746445869593298574,534,534,271635,c18d015dc2d4976055a80f9575e38b540e5ea7467b22c6eee0dc8f0f687ce872,1,104,2,0
sense4-1,100,1746445870049963632,534,534,271819,651a9fd62e2c6b4912110654892f9da76faa7acc0476b469e7a913d8d08dbc14,1,105,1,0
sense4-1,101,1746445870477933752,534,534,271817,584524aed0fc21fe3a35e5ae91bf6ddbb6e8ff283ffb86f7d5c8d5dd7e0ee9c4,1,106,1,0
sense4-1,102,1746445870905234905,534,534,270450,631fb86858ab3db173466f0c14abe70ba16d20be9e9310a4b4b59f5630f67103,1,107,1,0
sense4-1,103,1746445871328895887,534,534,270451,ebd145cdd95b05ca338d6581835ccc43cde4b4cbced3e87ad39d5940ccb627bc,1,108,1,0
sense4-1,104,1746445871763202735,534,534,270122,aa3f0e53c69fdfc30f1f0879c7005b31f697e945fb89ca2cebd780c5fc320970,1,109,2,0
sense4-1,105,1746445872206045141,534,534,270122,aa3f0e53c69fdfc30f1f0879c7005b31f697e945fb89ca2cebd780c5fc320970,1,110,2,0
sense4-1,106,1746445872640266660,534,534,270477,5499cf3e23d9797ae444fd19ede18a9766d24539a90ca30f120358209b24296c,1,111,2,0
sense4-1,107,1746445873069003287,534,534,270477,5499cf3e23d9797ae444fd19ede18a9766d24539a90ca30f120358209b24296c,1,112,2,0
sense4-1,108,1746445873504718949,534,534,270412,b7aa0207b2d73f8828e6955adaf97644ead30a47f9184366199268237a660db9,1,113,1,0
sense4-1,109,1746445874059628619,534,534,270548,f379e995b24a8934c9b586f51b0c15a9bed25992b0c6a2cc799eb27edde1e957,1,116,1,0
sense4-1,110,1746445874489372328,534,534,270547,101ca2f1130e2481dafea1dbe139afef49a5911cb624b3c4ae9ec0f98f6c1afe,0,,1,1
sense4-1,111,1746445874920081127,534,534,270343,33281297f58987987b84131eaae67f301b8afd5a22014b072859c072580d9399,1,117,2,0
sense4-1,112,1746445875342334503,534,534,270343,33281297f58987987b84131eaae67f301b8afd5a22014b072859c072580d9399,1,118,2,0
sense4-1,113,1746445875780282960,534,534,270116,85401c986fb7b50db277df92c96143c0376c4a36d020aa9164145610372f82dc,1,120,1,0
sense4-1,114,1746445876229089713,534,534,270116,7564380f42fb59094cbb791e08b4225e81ca818fe7db9c07e8638701188224df,0,,1,1
sense4-1,115,1746445876655926865,534,534,269349,3bba1606661f03230228fe199bc3a8ec9b61609adde126a78e6779e073550ccf,1,122,1,0
sense4-1,116,1746445877176558784,534,534,269377,f70d55d0226990d76995d39eb4715f6b93e4a6818fb69cb2a2e68f32499408f3,1,124,1,0
sense4-1,117,1746445878129463118,534,534,268759,8d08172d0bc781e9440feb7def5a5b8f6cf96b9bb2e18cb4b2d273dee0fc57a2,1,125,1,0
sense4-1,118,1746445878564617107,534,534,268741,fea4b04b68837ac5565d4801b9433bc120795e440756bf46d95ee38d983493d3,1,126,1,0
sense4-1,119,1746445879176181145,534,534,268639,7c32c9f30f04f4020fb27bd4018f4eb5beeb8750f4109a9af2d8b0f2609f4013,1,127,1,0
sense4-1,120,1746445880156696155,534,534,268974,b9005fffc3113033401232f2fb02ee854c6570d077a858b2755a672ac5c78660,1,129,14,0
sense4-1,121,1746445880595032137,534,534,268974,b9005fffc3113033401232f2fb02ee854c6570d077a858b2755a672ac5c78660,1,130,14,0
sense4-1,122,1746445881236253631,534,534,268974,b9005fffc3113033401232f2fb02ee854c6570d077a858b2755a672ac5c78660,1,131,14,0
sense4-1,123,1746445881670522964,534,534,268974,b9005fffc3113033401232f2fb02ee854c6570d077a858b2755a672ac5c78660,1,132,14,0
sense4-1,124,1746445882157439031,534,534,268974,b9005fffc3113033401232f2fb02ee854c6570d077a858b2755a672ac5c78660,1,133,14,0
sense4-1,125,1746445883133117112,534,534,268974,b9005fffc3113033401232f2fb02ee854c6570d077a858b2755a672ac5c78660,1,135,14,0
sense4-1,126,1746445884191650638,534,534,268974,b9005fffc3113033401232f2fb02ee854c6570d077a858b2755a672ac5c78660,1,138,14,0
sense4-1,127,1746445885134403975,534,534,268640,00fe3fac3b0beb131d89e504123fd6bb139ca60f00e062219e8ddcdc32ef4eea,1,139,4,0
sense4-1,128,1746445885584333203,534,534,268639,4315065ea4e6fe69e4d8903ccde64038a726730724e6501a00c3bbf8d7067dfc,1,140,2,0
sense4-1,129,1746445886166173833,534,534,268639,4315065ea4e6fe69e4d8903ccde64038a726730724e6501a00c3bbf8d7067dfc,1,141,2,0
sense4-1,130,1746445887306526531,846,914,742466,a5f8bc9f1ac5679e1f4b1c56533a1122901c0d1ef1433b3bc0c728a4bf8b6cb2,1,142,2,0
sense4-1,131,1746445888475372819,846,914,742466,a5f8bc9f1ac5679e1f4b1c56533a1122901c0d1ef1433b3bc0c728a4bf8b6cb2,0,,2,1
sense4-1,132,1746445888910641929,534,534,268973,b34851d00bd167bff16cbad51c22e96bc51a4dba5de005d82e771c90fa52f9b7,1,145,1,0
sense4-1,133,1746445889356869762,534,534,268974,b9005fffc3113033401232f2fb02ee854c6570d077a858b2755a672ac5c78660,1,146,14,0
sense4-1,134,1746445889789695993,534,534,268974,b9005fffc3113033401232f2fb02ee854c6570d077a858b2755a672ac5c78660,1,147,14,0
sense4-1,135,1746445890229144307,534,534,268974,b9005fffc3113033401232f2fb02ee854c6570d077a858b2755a672ac5c78660,1,148,14,0
sense4-1,136,1746445890680217268,534,534,268974,b9005fffc3113033401232f2fb02ee854c6570d077a858b2755a672ac5c78660,0,,14,1
sense4-1,137,1746445891126964004,534,534,268974,b9005fffc3113033401232f2fb02ee854c6570d077a858b2755a672ac5c78660,0,,14,1
sense4-1,138,1746445891556409609,534,534,268640,00fe3fac3b0beb131d89e504123fd6bb139ca60f00e062219e8ddcdc32ef4eea,1,150,4,0
sense4-1,139,1746445892006214907,534,534,268640,00fe3fac3b0beb131d89e504123fd6bb139ca60f00e062219e8ddcdc32ef4eea,1,151,4,0
sense4-1,140,1746445892435638320,534,534,268640,00fe3fac3b0beb131d89e504123fd6bb139ca60f00e062219e8ddcdc32ef4eea,1,152,4,0
sense4-1,141,1746445893014321908,661,576,351839,8d53c832a8d771fe688881b6db66834b896f572560e9f7f483693687a62f4296,1,156,1,0
sense4-1,142,1746445893455760399,534,534,268974,b9005fffc3113033401232f2fb02ee854c6570d077a858b2755a672ac5c78660,1,157,14,0
sense4-1,143,1746445893885303340,534,534,268974,b9005fffc3113033401232f2fb02ee854c6570d077a858b2755a672ac5c78660,1,158,14,0
sense4-2,0,1746445957165888738,534,534,279498,0d986093e2afc242df99d8f00bdd9f06a23389560c49b3ea6bc9d30e7c11497a,0,,2,1
sense4-2,1,1746445957567376361,534,534,279498,0d986093e2afc242df99d8f00bdd9f06a23389560c49b3ea6bc9d30e7c11497a,0,,2,1
sense4-2,2,1746445958169240613,534,534,279824,531c8738e455721b68dc5ee49347b6d9cca1d8f94056398becdc23dcd0d2e824,0,,2,1
sense4-2,3,1746445958579609744,534,534,279823,4d0147d57dec4d3ebf95e0f9e76a858f6d006bc95d5be206c339893cc9a13a91,1,0,2,0
sense4-2,4,1746445959199871649,560,563,305677,370b75200e9874246baabc98afb146810d6023ebd630187461add293540d3130,1,1,2,0
sense4-2,5,1746445959668476798,560,563,305677,370b75200e9874246baabc98afb146810d6023ebd630187461add293540d3130,1,2,2,0
sense4-2,6,1746445960164376609,534,534,279823,4d0147d57dec4d3ebf95e0f9e76a858f6d006bc95d5be206c339893cc9a13a91,1,3,2,0
sense4-2,7,1746445960572279701,534,534,279824,531c8738e455721b68dc5ee49347b6d9cca1d8f94056398becdc23dcd0d2e824,1,4,2,0
sense4-2,8,1746445961180808817,534,534,279130,e2f71161c6f4084cde6450d0509c76d705e8a69883fb4d698e25b0a24c88b898,1,5,2,0
sense4-2,9,1746445961606466090,534,534,279130,e2f71161c6f4084cde6450d0509c76d705e8a69883fb4d698e25b0a24c88b898,1,6,2,0
sense4-2,10,1746445962171766367,534,534,280039,2470c43304cf413f18b1e1919a564f07304b630de68cfc38754c1f7079cd1118,1,7,1,0
sense4-2,11,1746445963007858825,768,769,576173,3f1992efde1c5147a292411705ee42e4bad4b87d656695eed85122c91d1795bc,1,8,2,0
sense4-2,12,1746445963849396232,768,769,576173,3f1992efde1c5147a292411705ee42e4bad4b87d656695eed85122c91d1795bc,0,,2,1
sense4-2,13,1746445964828975682,838,838,687872,fc7639dc3c009211599e03442b18f8505f062d2ae4da8c411c2479018bb6fbc6,1,9,2,0
sense4-2,14,1746445965818616970,838,838,687872,fc7639dc3c009211599e03442b18f8505f062d2ae4da8c411c2479018bb6fbc6,1,10,2,0
sense4-2,15,1746445966333099725,605,610,360537,8a7cb38f5f9d9a1ea29d881c987bc321dc0cfe84bd47a7124459879a0f5d5057,1,11,2,0
sense4-2,16,1746445966866537337,605,610,360537,8a7cb38f5f9d9a1ea29d881c987bc321dc0cfe84bd47a7124459879a0f5d5057,1,12,2,0
sense4-2,17,1746445967315317063,565,552,302792,a9527c9498598548cda96667d4173854d9d03937de9d1531c3a3f405699f1d22,1,14,1,0
sense4-2,18,1746445967773976065,571,556,309474,ed6e607d0a30f7e61d45d34653853001acc621961bd7501e89ec8f377bb55d89,0,,1,1
sense4-2,19,1746445968212051870,534,534,276107,ad7689f602a9def209f2b5da1012d1ada8ef15eba5c34e6734b9f49ba0a1bcf0,1,16,2,0
sense4-2,20,1746445968619967620,534,534,276107,ad7689f602a9def209f2b5da1012d1ada8ef15eba5c34e6734b9f49ba0a1bcf0,0,,2,1
sense4-2,21,1746445969051982068,534,534,278225,6bc20879bd0e04188a82877cd4f488db1796d7239a561670acde58a035cf4f31,1,17,2,0
sense4-2,22,1746445969463191002,534,534,278225,6bc20879bd0e04188a82877cd4f488db1796d7239a561670acde58a035cf4f31,1,18,2,0
sense4-2,23,1746445969874772617,534,534,278617,8c94dbc6f580802c004b03c9721a55c1fb8558b05555cec0d1c89aeb7a84010b,1,19,2,0
sense4-2,24,1746445970305071069,534,534,278617,8c94dbc6f580802c004b03c9721a55c1fb8558b05555cec0d1c89aeb7a84010b,1,20,2,0
sense4-2,25,1746445970712090944,534,534,276783,98cdae4ac8fe57151be46174f483225303f2b7356bdfd3ab0fed9b3cd2604cb5,1,21,2,0
sense4-2,26,1746445971134916645,534,534,276783,98cdae4ac8fe57151be46174f483225303f2b7356bdfd3ab0fed9b3cd2604cb5,1,22,2,0
sense4-2,27,1746445971539555405,534,534,278639,f9e3693ec95cbd8ab8ac75e63dfbb8b06213b5ac661da0c074c3f7186b189c60,1,24,1,0
sense4-2,28,1746445972172092391,637,685,426135,9fdf94f25e59660a2adf1b5dd5ca63e0318dc00b8d84fb39bd61d4ceb79444b9,0,,1,1
sense4-2,29,1746445973503934918,964,964,910694,d78af95dde5dc6b20ed518553ef73e64951879d1f9b81ae98147cd31cc29968d,1,26,1,0
sense4-2,30,1746445974149063219,649,693,438308,d76a077fc7a690d6a5f0edee62ab6f0cfec07e3e855e5d6c7a478983f0fb18f0,0,,1,1
sense4-2,31,1746445976028060707,1151,1151,1305185,3c07561efd95ebfc5bff78061b3644cd42ef09989e765e3d085de56b13a48e2d,1,28,2,0
sense4-2,32,1746445977844971730,1151,1151,1305185,3c07561efd95ebfc5bff78061b3644cd42ef09989e765e3d085de56b13a48e2d,0,,2,1
sense4-2,33,1746445978562499206,695,714,483629,e51db0182812f9bf5679e5b1744fa2673ec78ec6f255904561588f32b203b691,1,31,1,0
sense4-2,34,1746445979905526164,976,976,933672,61478b1722e65957b3d89f9534f103b24d8219d7d50e65bf9f74023ff75346b8,1,32,1,0
sense4-2,35,1746445981371029383,1024,1024,1027260,54a12f8272009235976594b235a16cf71d79ef32e55f4bcb41a2bf545ca8bd7e,0,,1,1
sense4-2,36,1746445981775608019,534,534,273768,38fb7138c32c5c2b1103650b3700d495c79c5616be51e8131d9f864326279d69,1,36,1,0
sense4-2,37,1746445982194241924,534,534,275194,f3effa2ad329c1437ecaf847b21801fb1cd5b721d1d6c3388b59939bd88b456c,1,39,1,0
sense4-2,38,1746445982616159952,534,534,276744,110fd18bfadcaf3df6b140fe3bc7ce37c312410faaa1da75bbdb7539f4f77b83,1,40,1,0
sense4-2,39,1746445983039091591,534,534,276617,636763f8295749ddeeed23930cf31cd2c535c4d11f2c70568ab7e6ffdae18c00,1,41,1,0
sense4-2,40,1746445983836634477,752,752,547983,65dd45d17d9f408dedb7db55dc170d711d9710fbc8df532f59235d9e8f13a0a4,1,42,1,0
sense4-2,41,1746445984248528102,534,534,273788,9a0c59eb5ef7a30aa1f6789c8c4c2ab530fd1014c68622f927b9c927e1ce4485,1,43,1,0
sense4-2,42,1746445984666603508,534,534,273793,4e1bd983b50abd21a3072bf39af0b9a7e97f0906f086fd73018d8e054c4bafc5,1,44,1,0
sense4-2,43,1746445985078598910,534,534,274815,213498aebb7b4dfd6efa99cbd4fe76ebef13ce39a4af1addee1394d5052ebff2,1,45,1,0
sense4-2,44,1746445985978855034,793,793,608346,b84d3cbe8bfd2d263af8968516c699b585e906a73ff9540b4e28920c7b2dfde8,1,46,1,0
sense4-2,45,1746445986628217146,684,684,453312,4a32b780caae3e3f92d9791e6e83c10323681a3e42e500b22356f1cb950fbb8b,1,47,1,0
sense4-2,46,1746445987080534025,534,555,286297,9a4a0b1e695cc02deff096370b530055a2aad40114869e168f4dca988160e7b0,1,48,1,0
sense4-2,47,1746445987558384575,534,620,319529,82bac62a3930f814091fb9d670184c5d44ca71a4041c7b09da1b68887c921bab,1,49,1,0
sense4-2,48,1746445988247961420,671,718,464148,dac26426f6b2f20a74846afaca13dbdb622554dba2f34c5e0abb3fa16a0f1cca,1,50,1,0
sense4-2,49,1746445988898862044,644,711,441372,76d1ca57e8908d6f71e5adc1dceb4134764085206ad091a928eb1a092818c266,1,51,1,0
sense4-2,50,1746445989908843639,847,848,699638,12fbad5e841a77cc6b62f4189a8bd4484c2b8e27de6cea949acbb2deb936af15,0,,1,1
sense4-2,51,1746445990587037591,675,720,467076,3bb920ce72a3cc4b0e78a5d266da81354e3db468c150ad27790942108e2e8dfe,1,55,1,0
sense4-2,52,1746445991014009215,534,534,274383,20ad2798b8bc0611326a5939773ec79b8425b560dc257408107ad83c6f8d58f6,1,56,1,0
sense4-2,53,1746445991430868329,534,534,271160,3c72ffe08c1df0cde83702a15714fa54fc43a0c871fcba37dcd6a544f353998a,1,57,1,0
sense4-2,54,1746445991858720715,534,534,274405,7830b86a96ff85d872cee3aaf4b2bb86b96faf0897de69e29b2bd0d4d41a173c,1,58,1,0
sense4-2,55,1746445992288298717,534,534,274455,78af4579d0316fb4683b52029591b9730412371295ce8deed21b791e93236bd1,1,59,2,0
sense4-2,56,1746445992704007285,534,534,274455,78af4579d0316fb4683b52029591b9730412371295ce8deed21b791e93236bd1,1,60,2,0
sense4-2,57,1746445993502411834,737,763,539773,7570167a561f9f0df9e245d68a9d8248df5504a9998c1b733add9a4c582edd21,1,61,1,0
sense4-2,58,1746445993929993427,534,534,273422,a8ef06a6c33ea6972e82e06eb679a0e7dbc0ae5fb3a463c5408d269f563f33fb,1,62,1,0
sense4-2,59,1746445994461135799,631,592,357741,95c21c6d26e5f0c86760577295d99a556af89f32d49beaad2f0a34924b6de3bb,1,63,1,0
sense4-2,60,1746445995096141325,646,669,415183,1467633c9ec3ab74ce14320f77f9483798b0f928538c6713762e9d10336ef062,1,64,1,0
sense4-2,61,1746445995549174689,534,534,271795,e5d0479600f93901b25cfc309dbb75ad9009d4fb10aafbe52b2e04e40e850a43,1,66,1,0
sense4-2,62,1746445995980944316,534,534,271805,2e530b66767f36392d74f2feef8af10a41b6a0cbe83a66faabeebcf61955cac6,1,67,1,0
sense4-2,63,1746445996400046241,534,534,271804,c5e79777fa5cefae13e2bf8f0a96008bc6ce5971045896b03bcd1862736504eb,1,68,1,0
sense4-2,64,1746445997054102181,648,672,407020,7dc5dda0c2d7ed42da307da43bcd9966409ba763ea0d6d37ff9d94a4d187b405,1,69,1,0
sense4-2,65,1746445997661627422,643,655,394181,d5c269a73a719e2711b971b6f5576194f457cd0b81c7d58a4d2d35449488e277,1,70,1,0
sense4-2,66,1746445998383362893,679,723,462304,e669961aeff3b22735c273580754e9008127d8325f058a6c669ece7a2f9df350,1,71,1,0
sense4-2,67,1746445999019236421,665,665,413916,2bfb0067d5ddd26b6b184af21515b12912d19334d065ea68a7150f47466c8a0c,1,72,1,0
sense4-2,68,1746445999660081318,666,665,415332,007c9518de9cfef81090f1cc42160cf4543ed1114094aa9a3f6484f44eee4824,1,73,1,0
sense4-2,69,1746446000297993047,663,662,411214,5655c1f5247721adab73b73616d703214a0941fe5ce57a0ff8257d90116bbe11,1,74,1,0
sense4-2,70,1746446000724828850,534,534,269841,5cad54080688c5181137eff1a9094915392f0f9870d83b80891c0c1826dc3d90,1,75,1,0
sense4-2,71,1746446001512051022,725,725,498062,65730c3c9f6c5e9543732ba8a94135664be42b0e14393e240082b046f600b6a0,1,76,1,0
sense4-2,72,1746446002245001197,713,713,481818,5ef878d81b92b80758595541fc9197cdb0ffa15993a92d8742b0754fde1d8026,1,77,1,0
sense4-2,73,1746446002852964369,644,644,391281,f0417df5db26c7cfc4cc8e9f0858c7b0e05e0363aad840ec0bab732c3bf8351a,0,,1,1
sense4-2,74,1746446003641719705,744,744,527186,4b9b715ae22ce06dfd673c8290df310ed2b806637929e18dd50bdd05de0fdd46,1,81,1,0
sense4-2,75,1746446004612148450,812,812,629959,3d5057fb1260939be09e1b619c30477d96d3b202a7a023d70b3322b8d83d0614,1,82,1,0
sense4-2,76,1746446005388294585,729,730,506698,83d7ea7a5972a96fb9fdcd8e1ea9f0de4de565a38539b7fd805e5e772fbff3c8,1,83,1,0
sense4-2,77,1746446005815867694,534,534,271586,6f75ab8d20279ed7ecf0e6587d3ec66c6cc0b6ebf13f5004be5da33ffc071059,0,,1,1
sense4-2,78,1746446006242807548,534,534,268162,b1debdd11ec8c2e8d7befa14b9627bcfc0b9fba952e9ae02f3ddcc7a30b7e328,1,87,2,0
sense4-2,79,1746446006669646118,534,534,264612,46a320356a8f4980e30fc71cf66e17c36351a19a1caf834f42a71d9fb1e5a629,1,88,1,0
sense4-2,80,1746446007277661232,655,635,392185,0467a33765bd96641846d08ef05de0ef104831d8f71904e750da2ae13e0edce2,1,89,1,0
sense4-2,81,1746446007771476822,534,602,302381,d3d8d811736e881632b5b157e8c9ffc3409e30c5a29b9e6f40a0fcf83e42b1c3,1,90,1,0
sense4-2,82,1746446008582561330,711,767,515260,2a75514f212093fbd3a4dbb2d9313f29fb7728bf3210268568b345d6cf1be9e4,0,,1,1
sense4-2,83,1746446009010652058,534,534,264345,6efb60dab5a80d281a15313d68d6846074c13c0f5b547fbd9cafd126e6504e9b,1,92,2,0
sense4-2,84,1746446009448401824,534,534,264345,6efb60dab5a80d281a15313d68d6846074c13c0f5b547fbd9cafd126e6504e9b,1,93,2,0
sense4-2,85,1746446009888454914,534,534,268162,b1debdd11ec8c2e8d7befa14b9627bcfc0b9fba952e9ae02f3ddcc7a30b7e328,1,94,2,0
sense4-2,86,1746446010691807996,691,774,509011,20e14e701759c33ee3d92fa466ac18e42602ec8cac7c86e3b744bdf917bcc757,0,,1,1
sense4-2,87,1746446011168703174,603,534,299844,59c9bf9207e17f28c44e1987581df06104de15584bf281e786d03411524adc09,1,96,1,0
sense4-2,88,1746446011590214744,534,534,268937,0ef1387b6811e6610bcf763b39fec78f18fba0556fbbd4ab0458a793e9b4ab40,1,97,1,0
sense4-2,89,1746446012033469427,534,534,268932,021dee861c378d6ddf18763a031a056b2d3e9ee3f6110454d6ce4a24e04814c1,1,98,1,0
sense4-2,90,1746446012457725809,534,534,270367,133e02c29cb6043a294efefaf57fc931c4a156b701e19c20baf0674575d953ef,1,99,2,0
sense4-2,91,1746446012887402412,534,534,270367,133e02c29cb6043a294efefaf57fc931c4a156b701e19c20baf0674575d953ef,1,100,2,0
sense4-2,92,1746446013478151728,605,681,390386,cf10f75c332561207a62259c4a4331e1e0b55f19ff86b694cd6fda1786ffa110,1,101,1,0
sense4-2,93,1746446014178374886,688,688,445878,754ffc81368d16137c8e02307fc75b209d47f57776c991b5118caf21d686d023,1,102,1,0
sense4-2,94,1746446014922803766,717,717,486733,9cbb899963a8fbc64ae5142b0961b80617ac6d897a1c414af0877d5d8646e0a5,1,103,1,0
sense4-2,95,1746446015633378503,678,718,462119,0a7db377c2f231e881eb4a698ff774b53a564819880f84abe515e5e2835cb37e,0,,1,1
sense4-2,96,1746446016231991782,636,621,368185,65e2ab02eb6cafe0c7c47378e17ff97c99509492a6b1b901fc4cdc192932e7ab,1,106,1,0
sense4-2,97,1746446016672692440,534,534,270984,62d1cdea491f008c7fb5fdf03dd45e8f72ddf53a4970cd8c55bd4a64d65a538c,0,,1,1
sense4-2,98,1746446017189611861,627,536,315900,2fe5911811f89a6bfc4e2544745efb824caa8e68ddbcc37fad4c3b79a77338ab,1,108,1,0
sense4-2,99,1746446017627140194,534,534,270910,68694a12cd9326924af6f852a35635814b8dba870c23d3806d36885bafb6d590,0,,1,1
sense4-2,100,1746446018075331065,534,534,271224,6503d3e4516137f4529451634c41fe4a134f349fc6ce56b52404224404c8b428,1,110,1,0
sense4-2,101,1746446018577715886,613,534,307032,5d8d7fdf890c611f858762a48cafe2403c102f8dfd3a13edc299dd2592eb6507,0,,1,1
sense4-2,102,1746446019449390077,745,799,564211,325d3e3e8c3d21bdb7b03edc98921e8cb619b3b251b0016df83ced6bb79dc199,1,112,1,0
sense4-2,103,1746446020340467544,752,793,563443,f99ef7a11f8a72bb32d1f60028249967e89d379e87441e93ba2fa06833b02115,0,,1,1
sense4-2,104,1746446020988401402,643,688,413307,808cc91264369414139ba391b1060210925f7c56271ac4327b2925c66d7e2698,1,115,1,0
sense4-2,105,1746446022086292687,863,864,712563,ff2eb1806dd36c40629cf9b3d918c697646ff1cf1d8bf45b16094c40e8211666,1,119,2,0
sense4-2,106,1746446023171361252,863,864,712563,ff2eb1806dd36c40629cf9b3d918c697646ff1cf1d8bf45b16094c40e8211666,0,,2,1
sense4-2,107,1746446024168312814,836,836,659872,0d4647c6791dadc8fff2dc28432c072b29a1a9b1da4e4417cdb5ed0a2eddfbac,1,120,1,0
sense4-2,108,1746446024588286185,534,534,270147,afafb962a7d25aac81440090a11af9183c0d440a6a01b10570bf90c8e01c90c7,1,123,1,0
sense4-2,109,1746446025430620817,748,774,543357,dbaed4eb68fab53c1382a05ad2ea19a66038c4c38adc57a8bd0b1f770a9a31a6,1,124,1,0
sense4-2,110,1746446026135301872,715,688,463315,cabf27fe46d6cd0ef7c5383a5cf92c97c6b16f2fb50c81326d48b98a556fa5fa,1,125,1,0
sense4-2,111,1746446026562960835,534,534,270278,28ad0d0bd0a9a02d2c71cd869b1308179cfdd5b7a530cc0bd3d617bd6c1829ed,0,,1,1
sense4-2,112,1746446026998007476,534,534,270253,90e996107a9e2a451e50e25b0de70094c4e29d1edf189248728d77be3c914c81,1,129,1,0
sense4-2,113,1746446027883048009,781,780,580228,b664413b53966d4d13b7bc99508a0747e0ca6227841c33442da9ed9b8d14f184,1,130,2,0
sense4-2,114,1746446028743252047,781,780,580228,b664413b53966d4d13b7bc99508a0747e0ca6227841c33442da9ed9b8d14f184,1,131,2,0
sense4-2,115,1746446029540494908,746,749,526646,80e4986a4bf4a0a965ee8313a24e6aea49e8399eee3a9ba91987b0c14869ca0b,1,132,1,0
sense4-2,116,1746446030272996759,708,742,498461,5fbebe5d2321ef0527355d1ec9c2071622b1625d92e6ce637b0bfc38586448fc,1,133,1,0
sense4-2,117,1746446030717084017,534,534,270273,b695bd2adc7d42ca8173522c236b1a0e382107cc2ec7a5c458bc30bfad2d1075,0,,1,1
sense4-2,118,1746446031144650162,534,534,270289,0b52fc8a148f7fd2a456444fdcb5d7f41a1a943ad70c437142563a4d0f3fd334,1,136,2,0
sense4-2,119,1746446031574231339,534,534,270289,0b52fc8a148f7fd2a456444fdcb5d7f41a1a943ad70c437142563a4d0f3fd334,0,,2,1
sense4-2,120,1746446032008759259,534,534,270221,86a96fce3b9deb5ab0d4a3105da6ee2b8ea043575dbc0d88199724515706e5c2,1,139,2,0
sense4-2,121,1746446032450422544,534,549,277332,6f5d0b9980a30aab0dd03eca78ad55dedea8e492983d31673ed84ce4c752fe8c,1,140,2,0
sense4-2,122,1746446032901010225,534,549,277332,6f5d0b9980a30aab0dd03eca78ad55dedea8e492983d31673ed84ce4c752fe8c,1,141,2,0
sense4-2,123,1746446033357840376,534,544,267380,eb5b943efea65e62d5909eb0d5cbf9add691beeb6036b4f8152d60af0e6c3ff9,1,142,2,0
sense4-2,124,1746446033796340195,534,544,267380,eb5b943efea65e62d5909eb0d5cbf9add691beeb6036b4f8152d60af0e6c3ff9,1,143,2,0
sense4-2,125,1746446034306052908,567,601,317145,dd88ec5d2807597c70167403a084e8bd4435664f5329bf0eee54d05d8c4dfdd1,1,144,2,0
sense4-2,126,1746446034816456429,567,601,317145,dd88ec5d2807597c70167403a084e8bd4435664f5329bf0eee54d05d8c4dfdd1,1,145,2,0
sense4-2,127,1746446035303868018,552,587,302143,16b42ba236022de24d5b91cc4f4c93789d3b145adb2665f145d656f23937ee0e,1,146,2,0
sense4-2,128,1746446035782717440,552,587,302143,16b42ba236022de24d5b91cc4f4c93789d3b145adb2665f145d656f23937ee0e,1,147,2,0
sense4-2,129,1746446036216724902,534,534,270208,3ff59574c85cf2960000d4165eda7bbc2de941ffca28c894a3e53c403cb68a98,1,148,2,0
sense4-2,130,1746446036638338343,534,534,270208,3ff59574c85cf2960000d4165eda7bbc2de941ffca28c894a3e53c403cb68a98,1,149,2,0
sense4-2,131,1746446037322532651,681,672,429618,9e13c60ec79f0cd1454fbff5d501b386938ed38955aa59f1c9129b9ef57dc5e9,1,150,2,0
sense4-2,132,1746446037987636518,681,672,429618,9e13c60ec79f0cd1454fbff5d501b386938ed38955aa59f1c9129b9ef57dc5e9,0,,2,1
sense4-2,133,1746446038415290103,534,534,270221,86a96fce3b9deb5ab0d4a3105da6ee2b8ea043575dbc0d88199724515706e5c2,0,,2,1
sense4-2,134,1746446039303911750,735,802,559965,74ef721cb519b75b471231407791b6a92a70b7d9e6fb382702bf779f38b5e93f,1,153,1,0
sense4-2,135,1746446039920223683,585,738,406953,b2887115aa6fdfb2c0848583c549cdf7b8b75fcff68bcfb5fe57fae50d9589e4,1,154,1,0
sense4-2,136,1746446040588539550,654,703,434121,ca5bdb7ee264102ac66107536cf94353aa1955fbcfa678698105479294e046bb,1,155,1,0
sense4-2,137,1746446041250177957,645,689,419948,2f0f6a2b57be68069cf83215fe856c5fef2cbb569a4307139af29d9dca97b3b8,1,156,1,0
sense4-2,138,1746446041889598844,642,688,417196,27b113f3366616021aeedc1cb815dcabb0b44c86ecc9d47adf981cfd930c8cae,1,157,2,0
sense4-2,139,1746446042525238691,642,688,417196,27b113f3366616021aeedc1cb815dcabb0b44c86ecc9d47adf981cfd930c8cae,1,158,2,0
sense4-2,140,1746446043205707181,683,672,430782,e9d1521190b99367e1a90569ced510ac0fa7b56f698c509a3035355ed96537b6,1,159,1,0
sense4-2,141,1746446043639387558,534,534,270704,2f1383efcda36fad9633b111c86dd4f3147dc76092cf64a1306382ea7eae618a,0,,1,1
sense4-2,142,1746446044078688600,534,534,271002,61e9145b9c519f0b06f80716ae132458a558c4eb9d3eaa9405c7f21f30abe4f7,1,163,1,0
sense5-1,0,1746446673768923944,534,534,280733,69ad7ebca57dd5391757ac0743dd9430f18871bc79572d3b558b7f01d3efa2bf,0,,2,1
sense5-1,1,1746446674190510632,534,534,280499,4eb49c11dcfa153f1b96899ffa3ac47b2d78e745d25177175dbe1ac9ffba61cc,1,0,1,0
sense5-1,2,1746446674740718653,534,534,280733,69ad7ebca57dd5391757ac0743dd9430f18871bc79572d3b558b7f01d3efa2bf,1,1,2,0
sense5-1,3,1746446675165900640,534,534,280984,6c65e7c8b72f4d26639ab38fe064994706afdaa4ab4e68d0d731238604c3e2be,1,2,2,0
sense5-1,4,1746446675757511996,534,534,280984,6c65e7c8b72f4d26639ab38fe064994706afdaa4ab4e68d0d731238604c3e2be,1,3,2,0
sense5-1,5,1746446676167965942,534,534,281301,48ee136b75b56244cdca2491f0fd8a688022b520a598c346e6d07622ef6cd0b4,1,4,2,0
sense5-1,6,1746446676754921375,534,534,281301,48ee136b75b56244cdca2491f0fd8a688022b520a598c346e6d07622ef6cd0b4,1,5,2,0
sense5-1,7,1746446677165204171,534,534,279391,fbbdab0db20c86d7ac8ba2060e737729f07e90001361aba6e71c2e0fc202730c,1,6,1,0
sense5-1,8,1746446677740178137,534,534,280319,621db67b4af43dc5d79cde0074f9fa4f95e17c7d165ed997b4e9ed021ea1620d,1,7,1,0
sense5-1,9,1746446678149509802,534,534,281043,e884291a3f43a4a4bbe39ca6aaab316f5e75291891ff37126bca3987ba56d089,1,8,2,0
sense5-1,10,1746446678775866384,534,534,281043,e884291a3f43a4a4bbe39ca6aaab316f5e75291891ff37126bca3987ba56d089,1,9,2,0
sense5-1,11,1746446679194803772,534,534,281105,d2e3605bef093dff6c253401f321bddf59e669fccba8fc9f0a433b6df50fdd71,1,10,1,0
sense5-1,12,1746446679773771850,534,534,281098,9617114d8e4aa31b60553da17b2843420e8d6a983ddcf97f5aa14809a7fe1d60,1,11,1,0
sense5-1,13,1746446680185430486,534,534,280905,b8ac020006ebdc1cf3680e2fcfa42189dcc836e61db6050dd4b2fa6168af7c8e,1,12,2,0
sense5-1,14,1746446680769542097,534,534,280905,b8ac020006ebdc1cf3680e2fcfa42189dcc836e61db6050dd4b2fa6168af7c8e,1,13,2,0
sense5-1,15,1746446681170035248,534,534,279408,9f8d578d1f54e09854e6963a3c39c882ee520ced4e520b5c619b2cbc45f4daee,1,14,1,0
sense5-1,16,1746446681867319469,534,534,279786,ef8def949505bf3317b25a07ff460538cd27672f2a1f4abe5a477f0bdca2056e,1,15,1,0
sense5-1,17,1746446682270594142,534,534,279521,527ac4b97806c4b69c462a01f9fbacf3d3c84b327071026e905e8f4748697845,1,16,1,0
sense5-1,18,1746446682883218791,622,612,372805,6ea710653f3c2cccad7e8dc91c4c76b55fbedb13f0d963119ae8ffdc7348abdf,1,17,1,0
sense5-1,19,1746446683478737294,640,640,401538,86ac8e27485ee36c0bf17d8484b428aa0d8877a9eeef08929f6083eef893f1da,1,18,1,0
sense5-1,20,1746446683900889698,534,534,280656,87283027cbca701d070b8f569a155e3d8c400e02141f809894004fd8ee04022d,1,19,1,0
sense5-1,21,1746446684328138264,534,534,279990,b7a3a42d25bdf50c72a2befa872d208f04b17c960a90938c88289aa1bcc1b4ba,1,20,1,0
sense5-1,22,1746446684776777704,534,534,279881,53864000f9a06b71465c3011fe7fd8867a4a02eb6bb54867f39d7943dd642053,1,21,1,0
sense5-1,23,1746446685180752596,534,534,280737,83e158fe611beb38c275d3ef4eca6a65d5afc06e451bad617995985d23dd4cc3,1,22,1,0
sense5-1,24,1746446686178397876,757,757,562142,813fa01162c9f2803d779ed62e09e4086349cc7bfed4cdf5d818ffb496f9ddae,1,23,1,0
sense5-1,25,1746446686590612704,534,534,279637,8afcf460db19cb7a8ec9ad593c38e3438b9a8faccd87270ecfffadb6a6562b21,1,24,1,0
sense5-1,26,1746446687204612686,657,657,421931,172d7692dca18f192483012ce8c66aec2b8eb3195285e642caa700c1afd4bdfd,1,25,1,0
sense5-1,27,1746446687624533488,542,534,282169,8ef5ddcc4e4904c5d0b861150f5cdc9eb16fa500051076b172bb0f2d7caa850b,1,26,1,0
sense5-1,28,1746446688031165577,534,534,279933,42a00cb000bd161b8f22b09273822d6690743be23a69243a10ecd99c6a602823,1,27,1,0
sense5-1,29,1746446688455130002,534,534,280625,863b475eebd21ccef643af7d0016072aacba70c75e2dd53f40ce7636f360dcfe,1,28,1,0
sense5-1,30,1746446688873869031,534,534,279425,bd9bd812fd3dbe0f16f347dadd65b3a718d60deea96c9cf618af2e0889ff86ad,1,29,2,0
sense5-1,31,1746446689291570324,534,534,279425,bd9bd812fd3dbe0f16f347dadd65b3a718d60deea96c9cf618af2e0889ff86ad,1,30,2,0
sense5-1,32,1746446689896248889,534,534,279007,2c2b4af56819f229e1dc6ca0e9cd660b66e4ba60897816b1125c99a8d09a4ff5,1,31,2,0
sense5-1,33,1746446690304643092,534,534,279007,2c2b4af56819f229e1dc6ca0e9cd660b66e4ba60897816b1125c99a8d09a4ff5,1,32,2,0
sense5-1,34,1746446690773410104,534,534,278905,7db4b82ebe1e5e555341c3ccad507f8b9114f64fb365adc681e1c413f38ebca4,1,33,1,0
sense5-1,35,1746446691178418314,534,534,278574,d72b09c50474ee4c45a1aef6c6117a85dc6d8ac8ab081f9a902758c406395828,1,34,2,0
sense5-1,36,1746446691800484839,534,534,278574,d72b09c50474ee4c45a1aef6c6117a85dc6d8ac8ab081f9a902758c406395828,1,35,2,0
sense5-1,37,1746446692221537156,534,534,279081,12da6dbb3327fa7a877191849d308c25f7b8e57fea1b566c73b8f5684e57b66d,1,36,1,0
sense5-1,38,1746446692801555770,534,534,279132,ec135a816d28a63fc2ad4d6f3e4df065565cb5e546d8eb5c09e611395080ce1e,1,37,1,0
sense5-1,39,1746446693816388543,847,846,701102,9b35666ad5fca0c92633c3c4d7fd8f0760d10611591acde48c83facf2f805b7f,1,38,1,0
sense5-1,40,1746446694235451516,534,534,278672,171943510c982490e54fe6c5857d5a51c48b6ca40b1087ba6496bbc8b2feaa31,1,39,1,0
sense5-1,41,1746446694686222714,534,534,271878,11887889cbdefb43f1f8b6f7118be29465a76fc991ebb4adb196ad1a473446d9,1,40,1,0
sense5-1,42,1746446695112449056,534,534,278234,de90e44eae9b679b8080e36bab15cd095f2bb7ab3f82a0f6fc67367e76e87117,0,,1,1
sense5-1,43,1746446695536676524,534,534,278058,da4392d1fd04d3655b027f1316b260630362940e44662abf6a530ffe79578be1,1,42,3,0
sense5-1,44,1746446695953574671,534,534,278058,da4392d1fd04d3655b027f1316b260630362940e44662abf6a530ffe79578be1,1,43,3,0
sense5-1,45,1746446696386016346,534,534,278058,da4392d1fd04d3655b027f1316b260630362940e44662abf6a530ffe79578be1,1,44,3,0
sense5-1,46,1746446696897397548,546,545,283677,c5c8e09c56db0cafffd789bdb5217a4fa69469910a7d19e56fe001d007787895,1,45,1,0
sense5-1,47,1746446697319960433,534,534,277761,6ff91e3023c2b2380e034b101123dc7a6aaccd77f5e50555662866c66492978e,1,46,1,0
sense5-1,48,1746446697766751441,534,534,277732,f5c55f1838b70a2ccbe8c4469187148399a95d87de829fdd3e6056f69a75b79e,1,47,1,0
sense5-1,49,1746446698204183464,534,534,277929,7d1ad4ab8838fef6c19006326b0f9c797a3dbac21988d8e8ca416053dd09feea,1,48,1,0
sense5-1,50,1746446698810176739,551,545,283659,cf1d269d6549e2adebed31979df5c8677791c467826091b736d8c71824347aa5,1,49,1,0
sense5-1,51,1746446699233919904,534,534,278497,5158be7e7b6834592dd40e1e23a6b91a5503c145dba2d7b337c4cf8f3613eb52,1,50,1,0
sense5-1,52,1746446699789000867,534,534,278438,4e63d504bb3e4da7b3128eed867b3d09e4aee1403da96038cebb63b1ca0f5e1e,1,51,1,0
sense5-1,53,1746446700211546237,534,534,274552,dab36b46dbfdc80f2557b07164d5364b5bfe4b5904a788501cb696313db9bb1b,1,52,1,0
sense5-1,54,1746446700962877804,639,624,378590,a4f4357c397350ee19b1cc18c1d50d2b1131b64409ac02785415c607d27962b1,1,53,1,0
sense5-1,55,1746446701404587374,534,534,273929,3e234d1fea51bba549669379ea0f341f92c3dcbd5436fe8a7f907642e9d1c478,1,54,1,0
sense5-1,56,1746446701887859605,592,560,313759,b619f4ebbce87e68a537dcda1ff41ce57cd9221a25bfad71a427c3eca001d715,1,55,1,0
sense5-1,57,1746446702319686756,534,534,273797,969a47716bde5d3cedbcb63e73c552d6de013690b31aca5b140595642516cb84,1,56,1,0
sense5-1,58,1746446703000442376,673,628,403318,b46f779e5603ab8d1662f7e79052c1e974e7218dd61cb5f64b230d1ac58d3033,0,,1,1
sense5-1,59,1746446703801036723,756,742,539043,a50f4cca7d9425d069b266b7c67c6a69a7687c7ad5fbfb5931701a9ef7586ff0,1,58,1,0
sense5-1,60,1746446704258192553,534,534,273785,0a652364b877352527ec879e51875706449a4cf749e2624ec2b2c30bbbf464f8,1,60,1,0
sense5-1,61,1746446704909860048,544,559,286375,25b4b737a19c5b6b87bb73d2678782b12962f53631538937650cb8f57bec4d34,1,61,1,0
sense5-1,62,1746446705823711597,580,555,305375,66c510455a2484f6ca1bdddeddbaeef1a489d2195aa65dbf04e41e8bcfa4cbd1,1,63,1,0
sense5-1,63,1746446706369782420,612,609,356408,1929c0839594679558b4f24f1ab59bb87bc9b1f40abd000d7fb1c79bd2a670fd,1,64,1,0
sense5-1,64,1746446706813605568,534,534,274145,cad156e179e6e213d38a0e61e3f583106a56146bff62138dee077454e569df73,1,65,1,0
sense5-1,65,1746446707316966468,578,577,317724,5dda3ca87f8fcb2b87bd1e8a908849f554fb0488eb19afa5813259b9d5b6d839,1,66,1,0
sense5-1,66,1746446708531106073,894,894,771840,4b7957ff5abf7a4f4840e9203dbb966a7a84e27c1273d29bbd287a4986ec5edb,1,67,1,0
sense5-1,67,1746446708946628616,534,534,275224,80de3a52f1136a54b79c09d2a3f845c493dab4f1e8bcb1625e9b04b2617a10a1,1,68,1,0
sense5-1,68,1746446709374036840,534,534,275405,2d00a94b75ce468c71776e6fd27e64c2bf36f4b8770620d008a70974f2e2ca73,1,69,1,0
sense5-1,69,1746446709808896208,534,534,275402,e1b57497daa5ed1316bb1495b75a8066303b46f1a2b5f116fb25c2ea04e9982f,1,70,2,0
sense5-1,70,1746446710230580412,534,534,275402,e1b57497daa5ed1316bb1495b75a8066303b46f1a2b5f116fb25c2ea04e9982f,1,71,2,0
sense5-1,71,1746446711007197041,730,729,514302,bbb0ef68e03bb2f17466dc0a8c1dedf4f559519889a9095f69574063fdfa9a87,1,72,1,0
sense5-1,72,1746446711435586814,534,534,273734,ff2341bf8bb7a3c469b5d3788a3821cea6eb12212283544d5780e182dc5d74f2,0,,1,1
sense5-1,73,1746446711907470714,534,534,276559,af6e88815bc95bfc4b1fc6886cf84083725b9126cc9952b6cf367a37e4eb8268,1,75,1,0
sense5-1,74,1746446712352204492,534,534,276430,1b5d7821bf15a0f1d2ff177f5d013b30a2b70a72af9aef14436211998161a4c9,1,76,1,0
sense5-1,75,1746446712789455697,534,534,276328,b1b5057c2cd8e2ac53593e57fc10f3d2f35d7e33da0b6fdf097bece8676019e2,1,77,1,0
sense5-1,76,1746446713251462213,534,600,305504,9d8a0e9fb7c4996be8b143a27dc29df41f361236b2589aa087169920c3e41637,1,78,1,0
sense5-1,77,1746446713797566185,534,534,276555,9b0ec614cd0bb2408f6d79d68d3519e8e31bb4675d373c2fc77ff23cc4addb62,1,79,1,0
sense5-1,78,1746446714226209283,534,534,276554,cd0a127c2aeee4721295e99b476a7622a621f6c4816d0ed272b8b9d7ee89748d,1,80,1,0
sense5-1,79,1746446714807370194,534,534,276558,9c6ddcf1ccaba839e8f7efeecc4b4662ad75646f58b6053ec428420e0c6f404e,1,81,1,0
sense5-1,80,1746446715227023087,534,534,276349,d7a49b3bd9aa7e5970d55fe78b6d4fc32b3264aa6d08ad23d9118af07e7ce68d,1,82,1,0
sense5-1,81,1746446715807366158,534,534,276348,f25e57c01aaf621069d9eb7b88f7ae7cff8c319eefc48a7887846663f1ff3a42,1,83,1,0
sense5-1,82,1746446716816890006,534,534,276023,df437261abf5fecdabd0f9ad7452816d7f3a5553a0dec1c117245a5e0fa37cf2,1,85,1,0
sense5-1,83,1746446717253454433,534,534,276001,8542f06fcd8415152d3ddf85443bc37d62dac97c5355cad555063a46178e9c67,1,86,1,0
sense5-1,84,1746446717812897936,534,534,275427,09db98bbe559c481b840f29516ff1fee4556cacf17536429e9c9f05ef5c43c7b,1,87,2,0
sense5-1,85,1746446718242779234,534,534,275427,09db98bbe559c481b840f29516ff1fee4556cacf17536429e9c9f05ef5c43c7b,1,88,2,0
sense5-1,86,1746446718822461959,534,534,272888,6b0c2707d7b199039be62f0d1e72e5bccaea2dae9fd0917211a2606baaca3704,1,89,1,0
sense5-1,87,1746446719888595277,534,534,275264,d293ed1faff582f7b980082af9bb54c40bb8b9dd6345b1271ab40046752312dc,1,91,1,0
sense5-1,88,1746446720314699603,534,534,275263,2f3248eea2ba236e6b22457705021eeb6329a679ad2d80061ab0eeb6222c25a7,1,92,1,0
sense5-1,89,1746446720793372141,534,534,275255,0dbd4aab98363d393e299a934c118fea784d6bbca458d9751d6926659de6ff06,1,93,1,0
sense5-1,90,1746446721231981952,534,534,275314,fa01f91160bfc4576c515aaa3226042a419e69fbe72d864afa72afbb13c1fd33,1,94,1,0
sense5-1,91,1746446721850096101,534,534,275050,f7f3d147966e1781ce4327bbf65990d32fbd261a9a0fa838d6ffb3896e38f6f3,1,96,3,0
sense5-1,92,1746446722815871413,534,534,275050,f7f3d147966e1781ce4327bbf65990d32fbd261a9a0fa838d6ffb3896e38f6f3,1,97,3,0
sense5-1,93,1746446723248535848,534,534,275050,f7f3d147966e1781ce4327bbf65990d32fbd261a9a0fa838d6ffb3896e38f6f3,1,98,3,0
sense5-1,94,1746446723856682432,534,534,275196,0c1d772dce4179fe2a7a408f90a49de5460d9486ef91388e2c01015a787f86f4,1,100,1,0
sense5-1,95,1746446724808865617,534,534,275191,c500485d5f46f4e445043e84f08e1a5b1b0779a4949a73c8a3d328593f1ff2a1,1,101,1,0
sense5-1,96,1746446725229166839,534,534,275045,506693895e348e4cdf86293c783605adbed1903f12e78841b7ade0692a59eff2,1,102,1,0
sense5-1,97,1746446725819958828,534,534,275059,f28647507f545fd8190502fcbd5dfc8933129f0a3ae1933fba0a81a28b61ec1d,1,103,1,0
sense5-1,98,1746446726250082101,534,534,275366,432f46c85367db008aba0ce7bd4b26428c98c9f74882a517cd9cb1a05b8032f8,1,104,1,0
sense5-1,99,1746446727152673232,601,652,369439,db68f73e934474039e8b4103781735a2c3db12c575d8f0aed99c845a5920c7bb,1,105,1,0
sense5-1,100,1746446727793613603,534,534,275517,25af6a0603a504485c362209b8db3cc9ea0f09d29db4ab520f051e35fa0f8b65,1,107,1,0
sense5-1,101,1746446728222906274,534,534,275508,417389796bd3b3705ef33d73c1328da2728342eae71b07ece77a510763950be0,1,108,1,0
sense5-1,102,1746446728783989048,534,534,275519,96797de94b026dd82753703d8497d73139896cd905eccbee083beba6c2eac17c,1,109,1,0
sense5-1,103,1746446729812373697,534,534,274248,c38328e30b844db245c707b7a6322048912602950e88976950877da01f026db6,1,111,1,0
sense5-1,104,1746446730259859510,534,534,270679,a7284829e9439c04119635b4b823f0e97cce9322d305bfe3ad156f273afb9111,1,112,1,0
sense5-1,105,1746446731860715467,534,534,274211,787fb051311f69813e9a4592767a6a283a79423ab969b356e1d1253685b234f9,1,116,1,0
sense5-1,106,1746446732815846352,534,534,274230,a4f914e807a5ef01ff7813aeba2a5666b235c6b68cd238f3645eb147bb874692,1,117,1,0
sense5-1,107,1746446733245412074,534,534,274019,09d69b8c18d19cb25e00ee016d9aade628bca3b07e63c13412d2976118dec555,1,118,1,0
sense5-1,108,1746446733844668259,534,534,274020,d72f784c3b967b1c2946976b98bb41f152510cb2ece63aa7d4a985993a3b8bfd,1,119,1,0
sense5-1,109,1746446738864498093,534,534,273333,e8d37d95d725cbe339eb0c72c2f2bb70dc23f375a025a887ac04f2e04c0f2d13,1,130,1,0
sense5-1,110,1746446741791222507,534,534,272867,36697f98849d28401e845ad150602fc73972b8a02a8b7272c1c99b08a09dcf15,1,135,1,0
sense5-1,111,1746446744816736977,534,534,273400,dd598c6e84da088b067498babd9bc259b1671b0c40ebcc0e8cb3252424713185,1,141,2,0
sense5-1,112,1746446745249853481,534,534,273400,dd598c6e84da088b067498babd9bc259b1671b0c40ebcc0e8cb3252424713185,1,142,2,0
sense5-1,113,1746446746269690819,768,745,553946,ae9ef079877ad11afefbecf445f206925b453bd3033fc9e286f1cd5176b76c54,1,144,1,0
sense5-1,114,1746446747205663111,768,743,552718,de59687d60a270aa7eb814c55f25c1ae8936d0d5c7525d44db7e0beb2037e831,1,145,1,0
sense5-1,115,1746446748016323913,765,728,538389,52aaf13dedd8bf0188cdca3a2af17de5b5d0cd964d6de9163e3b6453a48aca06,1,146,1,0
sense5-1,116,1746446748873901408,778,744,562043,12c68c6a60d1eb6db9f083344ad2ea0bad09ac36a676e9d334ea7b6fff4bbedf,0,,1,1
sense5-1,117,1746446749695996400,775,740,556620,a4ae0500de98398cd6cc1351ab09fe5a14a445e9bcd48f2cdb86c0970bc3885d,1,148,1,0
sense5-1,118,1746446750528681537,779,743,561738,f72f85ef554ffe82ef7841b7d10abf6b506b0cb554cacb753c6ccdb3d375dd47,0,,1,1
sense5-1,119,1746446751385932534,779,743,561202,45a289494139a8c030eecd87df4c4774ae451789cd0ba29c25d8ff5be913799d,1,150,2,0
sense5-1,120,1746446752213804234,779,743,561202,45a289494139a8c030eecd87df4c4774ae451789cd0ba29c25d8ff5be913799d,0,,2,1
sense5-1,121,1746446753041214887,780,745,563073,c3feda225a762d03cf692638b19abb852096bc9c954e4010e7905b182fc40a4d,1,152,3,0
sense5-1,122,1746446753897291947,780,745,563073,c3feda225a762d03cf692638b19abb852096bc9c954e4010e7905b182fc40a4d,1,153,3,0
sense5-1,123,1746446754768190109,780,745,563073,c3feda225a762d03cf692638b19abb852096bc9c954e4010e7905b182fc40a4d,1,154,3,0
sense5-1,124,1746446755612056378,780,740,559283,1286d7800e7ff6715d4ab7101c236737ab1eaa5cc58c0dd4ce31e26bde133ddd,0,,1,1
sense5-1,125,1746446756455173910,792,741,569156,810fccdb170348062284cd575d80ae359fa124579f60d4da48d10638077cb4f1,1,156,1,0
sense5-1,126,1746446757304589880,794,746,574409,28f392154bbbac27fb1dcf9b6a59bec9dc2294d7cd3cc5be5ef2946b78714152,0,,1,1
sense5-1,127,1746446758177278802,812,757,597073,681c8c06739185e7892a4a7ef2c157f00335e082e4541b7d5d9cbcd95a481587,1,158,2,0
sense5-1,128,1746446759053580555,812,757,597073,681c8c06739185e7892a4a7ef2c157f00335e082e4541b7d5d9cbcd95a481587,0,,2,1
sense5-1,129,1746446760106076987,863,788,657333,16ccdb9bf0a74867c3901cbbee3a328099214929c3971e0190225dcb647479e2,1,163,2,0
sense5-1,130,1746446761084782694,863,788,657333,16ccdb9bf0a74867c3901cbbee3a328099214929c3971e0190225dcb647479e2,1,164,2,0
sense5-1,131,1746446761742532319,613,631,369567,db6d51e66841d67cd8ad52be6281b25e2efa778f19d86832338b7b237265393e,1,167,1,0
sense5-1,132,1746446762163445603,534,534,272086,28b64b13f8ce679eb6022fee9f85ee26415caba78200251d6c85b93ea5e3dec5,1,168,1,0
sense5-1,133,1746446763069266624,845,743,610628,20c600d3e519eea969f3d83de6d39cc2cde7131247c1fdce7ad7b7b7ce94dbcd,1,169,1,0
sense5-1,134,1746446763766306420,694,694,462379,0be749f034952c133eca656757286859f7f08c238068022e5b55fbbfc462c783,1,170,1,0
sense5-1,135,1746446764805126158,885,811,696087,088c23ba6ed66a13cfae1a8e315f85061a2002dce8afed76f4540582eb183a4f,1,171,1,0
sense5-1,136,1746446765827932443,832,765,616442,eb11cd4db9e5214a994c8dd6a151050026b4838d889f2d1d272a896bbdd6bb2d,1,175,1,0
sense5-1,137,1746446766734537963,831,762,613451,ec9c4675432761cc774fce10f2790032398a821e6306ce3c55bc8e452c691ab7,1,176,1,0
sense5-1,138,1746446768275591917,806,752,585837,bb16c0ea6b28dc8e8f00246b0f0edda687af453eba52ed3c0f0ea8382fb74ea5,1,187,3,0
sense5-1,139,1746446769153994392,806,752,585837,bb16c0ea6b28dc8e8f00246b0f0edda687af453eba52ed3c0f0ea8382fb74ea5,1,188,3,0
sense5-1,140,1746446770064089837,806,752,585837,bb16c0ea6b28dc8e8f00246b0f0edda687af453eba52ed3c0f0ea8382fb74ea5,0,,3,1
sense5-1,141,1746446770979668573,813,759,595731,72f3b1459130c84bca08c2cb694cf78115727c7d0a80923f0cf0965bae284170,0,,1,1
sense5-2,0,1746446835971469383,534,534,282732,71866d0accb298014b18caee7ac22c89aef0ecd45c12e04fccc8b4aa31516659,0,,2,1
sense5-2,1,1746446836584848746,656,655,425062,5d5c9f4f681d7a706464674d7c38a515d637a6adf3921d6d5291b60e1234479e,0,,2,1
sense5-2,2,1746446836997567791,534,534,282858,ae86e3ba879a41f2cb7637b257eeffdf305b8c3360861b384af00d3abdee0181,0,,8,1
sense5-2,3,1746446837398582178,534,534,282859,144c7de7adae9e0ab3d8a8c0b17d1578daa37c59660cc008dbe24a196832fce8,1,0,4,0
sense5-2,4,1746446837977885084,534,534,282859,144c7de7adae9e0ab3d8a8c0b17d1578daa37c59660cc008dbe24a196832fce8,1,1,4,0
sense5-2,5,1746446838389886724,534,534,282858,ae86e3ba879a41f2cb7637b257eeffdf305b8c3360861b384af00d3abdee0181,1,2,8,0
sense5-2,6,1746446838977032971,534,534,282858,ae86e3ba879a41f2cb7637b257eeffdf305b8c3360861b384af00d3abdee0181,1,3,8,0
sense5-2,7,1746446839382811122,534,534,282858,ae86e3ba879a41f2cb7637b257eeffdf305b8c3360861b384af00d3abdee0181,1,4,8,0
sense5-2,8,1746446839974595648,534,534,282858,ae86e3ba879a41f2cb7637b257eeffdf305b8c3360861b384af00d3abdee0181,1,5,8,0
sense5-2,9,1746446840386510690,534,534,282859,144c7de7adae9e0ab3d8a8c0b17d1578daa37c59660cc008dbe24a196832fce8,1,6,4,0
sense5-2,10,1746446840983110377,534,534,282859,144c7de7adae9e0ab3d8a8c0b17d1578daa37c59660cc008dbe24a196832fce8,1,7,4,0
sense5-2,11,1746446841386379010,534,534,282858,ae86e3ba879a41f2cb7637b257eeffdf305b8c3360861b384af00d3abdee0181,1,8,8,0
sense5-2,12,1746446841994863841,534,534,282858,ae86e3ba879a41f2cb7637b257eeffdf305b8c3360861b384af00d3abdee0181,1,9,8,0
sense5-2,13,1746446842405518359,534,534,282858,ae86e3ba879a41f2cb7637b257eeffdf305b8c3360861b384af00d3abdee0181,1,10,8,0
sense5-2,14,1746446843167801620,656,655,425062,5d5c9f4f681d7a706464674d7c38a515d637a6adf3921d6d5291b60e1234479e,1,11,2,0
sense5-2,15,1746446843576558723,534,534,282732,71866d0accb298014b18caee7ac22c89aef0ecd45c12e04fccc8b4aa31516659,1,12,2,0
sense5-2,16,1746446843988072199,534,534,282842,f79717da37e038581ed17492ee7616b5031c6c7254e9a959c4c5831975ebaa96,1,13,1,0
sense5-2,17,1746446844417123371,549,534,289723,594aca34bfc876a922d4b935ace60a9c4b2cfe17fd4d672117babaa249034e78,1,14,1,0
sense5-2,18,1746446844983153874,534,534,282745,25a65ac514cbd6beac138808e514ab351d699362eba4b3afe00d5a735fa29de6,1,15,1,0
sense5-2,19,1746446845383062218,534,534,282753,5f46d7f60a25433f5b714ac1ce045af37b648d458c427929b9d8ee0827e9ebe4,1,16,2,0
sense5-2,20,1746446845981452935,534,534,282843,7cdcfc3fb0c6364bfbfd46e3f6a085f0d10b602403492abe61996cdd110435b5,1,17,1,0
sense5-2,21,1746446846399321005,534,534,282845,cfbb00af0124917009579d2a366e6295fa7dcaa085e1001b77351f97fe14e8af,1,18,1,0
sense5-2,22,1746446846974970599,534,534,282747,8a1696a4c363f70cc3b74a367a2e7f57233795f276b1635c3748c585cbd96214,1,19,1,0
sense5-2,23,1746446847431399433,587,534,309520,9f7123079f30281c23bf511abe626288b46b8dbe2414ec9f60bfb2dacd4b5d98,1,20,2,0
sense5-2,24,1746446848021808760,587,534,309520,9f7123079f30281c23bf511abe626288b46b8dbe2414ec9f60bfb2dacd4b5d98,1,21,2,0
sense5-2,25,1746446848431480593,534,534,282753,5f46d7f60a25433f5b714ac1ce045af37b648d458c427929b9d8ee0827e9ebe4,1,22,2,0
sense5-2,26,1746446849003362914,534,534,281899,65a9ac4fbf51c2456ae84132148843b43c744c5d81730afd06226c910fbc6aaa,1,23,1,0
sense5-2,27,1746446849413102791,534,534,281861,f7777ebfaf45239ed9d3d23d85cbf3eae94f1ee7a8daf7b26dda2294c6441658,1,24,8,0
sense5-2,28,1746446849996696215,534,534,281861,f7777ebfaf45239ed9d3d23d85cbf3eae94f1ee7a8daf7b26dda2294c6441658,1,25,8,0
sense5-2,29,1746446850405858174,534,534,281861,f7777ebfaf45239ed9d3d23d85cbf3eae94f1ee7a8daf7b26dda2294c6441658,1,26,8,0
sense5-2,30,1746446850989535461,534,534,281861,f7777ebfaf45239ed9d3d23d85cbf3eae94f1ee7a8daf7b26dda2294c6441658,1,27,8,0
sense5-2,31,1746446851408836510,534,534,281861,f7777ebfaf45239ed9d3d23d85cbf3eae94f1ee7a8daf7b26dda2294c6441658,1,28,8,0
sense5-2,32,1746446851984968488,534,534,281861,f7777ebfaf45239ed9d3d23d85cbf3eae94f1ee7a8daf7b26dda2294c6441658,1,29,8,0
sense5-2,33,1746446852392920631,534,534,281861,f7777ebfaf45239ed9d3d23d85cbf3eae94f1ee7a8daf7b26dda2294c6441658,1,30,8,0
sense5-2,34,1746446853001545402,534,534,281861,f7777ebfaf45239ed9d3d23d85cbf3eae94f1ee7a8daf7b26dda2294c6441658,1,31,8,0
sense5-2,35,1746446853422680170,534,534,281736,45bf2dcc877f29996a62e64edcc4e03ec5d66125c5e72ecb6ebcd93876870bd0,1,32,1,0
sense5-2,36,1746446854049162366,563,548,304008,e702c86075f1cd1a012aaf48eb639ecbe2dc6e12e93f7cb3ea9ece37e8d4513e,1,33,2,0
sense5-2,37,1746446854486029055,563,548,304008,e702c86075f1cd1a012aaf48eb639ecbe2dc6e12e93f7cb3ea9ece37e8d4513e,1,34,2,0
sense5-2,38,1746446854984815263,534,534,282725,8c3e412b9c834a45022f10d55f412ac842697539dddc1e82f1a15b6c9a00f035,1,35,1,0
sense5-2,39,1746446855391288148,534,534,282735,ea7c31e8ac43638dfb51cd09063ae08399420d182f31d2dd56b04303890bfa1d,1,36,1,0
sense5-2,40,1746446857378857833,1148,1149,1306785,377727a6fbe1d40173be8c902ed5913281ba92eb4dc1b0ed37de8f716ecf58a6,1,37,1,0
sense5-2,41,1746446857771166174,534,534,281081,dafdd1f50ba30f81f69ddb4a051e46a63cabdcf0c955bbb2607ace0c8c2b982f,1,38,1,0
sense5-2,42,1746446858176584373,534,534,283007,faf6c05f4abbe6518da18f38a8ffd3dc3b2918a62b9f8723057a0e71b5e7cc06,1,39,1,0
sense5-2,43,1746446858582686002,534,534,281804,2f4bdd103274c6f34584a797cdb97ac31a92c8445aa0a332e68f3452c8424bff,1,40,1,0
sense5-2,44,1746446859000419114,534,534,282163,7577b2a48bbdffd90a3746566af010ba68b62c9d2defad851973a4b523f81064,1,41,1,0
sense5-2,45,1746446859399536315,534,534,282984,f2a31e37fb41de11f97e48e1f695d1da1a9150ce9438b7ffb36de7b43b56f860,1,42,1,0
sense5-2,46,1746446859817910554,534,534,278823,109c50f52fa838ba1b98f7532b1063b6ebc0c2da5bd311656f5a2f2811f1d180,1,43,1,0
sense5-2,47,1746446860621590684,740,740,533319,3bd116de49a25f6d07273288958eedefc3c2c521bad912213610f99b6d007b38,1,44,1,0
sense5-2,48,1746446861033218072,534,534,278690,075cc36183913914dd25b7c124369d81ea853cd9cdcc32abc843aec6e71dee1b,1,45,1,0
sense5-2,49,1746446861440466287,534,534,278692,f45994bc4ac6f656bf128cbd8858689b4490b66aea9c67c57bceb76fe7b981da,1,46,1,0
sense5-2,50,1746446861844314959,534,534,278068,23d8d97424b3273013bf12da223a87be1e27da608b60796b61254ceaac6cf4b2,1,47,2,0
sense5-2,51,1746446862261026757,534,534,278068,23d8d97424b3273013bf12da223a87be1e27da608b60796b61254ceaac6cf4b2,1,48,2,0
sense5-2,52,1746446862698142639,534,534,277234,0c6a43991acd64d05d227afa0361c070122462e0d06fe90331028a968f2418fd,1,49,2,0
sense5-2,53,1746446863116272974,534,534,277234,0c6a43991acd64d05d227afa0361c070122462e0d06fe90331028a968f2418fd,1,50,2,0
sense5-2,54,1746446863520788586,534,534,277140,e8f8bcfb1df6759e8666b280412cd716ef7e61a1295d624f94ae8cb0437ec040,1,51,1,0
sense5-2,55,1746446863930850689,534,534,277212,36f0674bb5b1612c12ef784a4a82e985c03e9dbd55b8721bac63f8679fed7a25,1,52,1,0
sense5-2,56,1746446864339810495,534,534,275694,e6eab65a3457b62f27b37f7c4b346ccd45a93a7ef50d4007372ff2847e9ca9e9,1,53,1,0
sense5-2,57,1746446864761354443,534,534,275687,c60b8049e5f3e8d2c3e5a82f7de03af3c17ed32553ff5671f5e1dcd2422b6c21,1,54,1,0
sense5-2,58,1746446865182362767,534,534,276099,d788fa3c094fac637fbf8ec44fb867b53b1129cc77241ded43afd443d071c943,1,55,1,0
sense5-2,59,1746446865586760931,534,534,276103,35c32a16611d1e49b5678bf15ebd83afe5556afd4ed3c62206d730c53378ccde,1,56,1,0
sense5-2,60,1746446866002408743,534,534,276700,f3eb5392a059dfba5f214a15be929296ed7636a413599a60e6d0b0efe97f0c54,1,57,1,0
sense5-2,61,1746446866418164983,534,534,276701,747307c4a877605f37ccf27df6d3f0d56275eeb153185d5828be957ce3f37ec5,1,58,1,0
sense5-2,62,1746446867011087609,534,534,277402,6ae32a224662eea4e466b70b8c8410ef21c705a7157b69dfdcee6ad211bf4f38,1,59,2,0
sense5-2,63,1746446867432592514,534,534,277402,6ae32a224662eea4e466b70b8c8410ef21c705a7157b69dfdcee6ad211bf4f38,1,60,2,0
sense5-2,64,1746446868014323314,534,534,274900,48de5d42c02b0a560c100cd7dbd5e77e6f9759d2665a31ffd16e81136af0a252,1,61,1,0
sense5-2,65,1746446868426578094,534,534,274899,bc4b4a064ebd6302a29b5c5cb74ea57d8f49b620d654e6de9c74efbefc1db8e2,1,62,1,0
sense5-2,66,1746446868991157699,534,534,273467,487f5d3ff946136b7852762910bcf138e7bc98383d9a5475a9548aa8da8f2e06,1,63,1,0
sense5-2,67,1746446869421720797,534,553,281344,7ac5f106bbb41f9ab8790e178814cc85725688d5baf1952b15d216f2397c1eda,1,64,1,0
sense5-2,68,1746446869998495478,534,534,273870,7e38496c9563a93c62544eccc092365c793abb1caa9a69be3b6630ab626b0a6d,1,65,1,0
sense5-2,69,1746446870419181863,534,534,273877,debcab3cbf22bb6343ad92b049bd097d4d96ab9d8d8371f509f26e48bb028c5d,1,66,1,0
sense5-2,70,1746446871001199259,534,534,272747,2eeb6b03e9711cc67f2e738bc33110ef7726b433988fbfe6d15a3e0528610e29,1,67,2,0
sense5-2,71,1746446871426306923,534,534,272747,2eeb6b03e9711cc67f2e738bc33110ef7726b433988fbfe6d15a3e0528610e29,1,68,2,0
sense5-2,72,1746446872025900785,534,534,273877,05c0958f8d2591dc39beb96c62630c0dd7a4297e4364ff7b0cce3cbfa56a5b02,1,69,1,0
sense5-2,73,1746446872442772725,534,534,271591,7f7287720344a49d5e848acb0603ffdd15028b3b65ab875563717cc3cd61966a,1,70,1,0
sense5-2,74,1746446873020723314,534,534,273150,4e3355e9396cbdd08b6c0e76e11866723936138a396771825bcaa4feff89fcec,1,71,1,0
sense5-2,75,1746446873505419938,559,590,314167,8657a0ad7f5a5bc0488fe39843d8511f980e685e704577a5da664ea7070240e1,1,72,1,0
sense5-2,76,1746446873999289427,534,534,272935,e89bec2ff7ec3b033adaabb963520d9fd6e59905203a659663f243c8306f5f0a,1,73,2,0
sense5-2,77,1746446874417011278,534,534,272935,e89bec2ff7ec3b033adaabb963520d9fd6e59905203a659663f243c8306f5f0a,1,74,2,0
sense5-2,78,1746446875008117246,534,534,272910,e6476d1a28726ca2c2d8c3b13e83da383323c6260f66901ecf4854445c8ff29d,1,75,1,0
sense5-2,79,1746446875430544514,534,534,272911,a22d3f656ce637a3991b4894af7b26a9898070ddf2dce668e0ed8604349739e2,1,76,1,0
sense5-2,80,1746446877832192820,1262,1262,1553157,82cf167d4b74f476ea7b9ded625ba5420ffe563072fe84fea842c8251369a045,1,77,1,0
sense5-2,81,1746446879574077570,1125,1125,1230726,621e8327c30cd70caf84b5763ffcb6a601055e966e6309859cbe25a5d85cdd48,1,78,1,0
sense5-2,82,1746446880021868046,564,534,289714,76370b0369dc6313f68189ebfd6af425523be5d09ad710599a42cedf30df519a,1,79,1,0
sense5-2,83,1746446880442236693,534,534,271382,d662b2eab269e441c08624cda263e5367f95db79ab12c5237b4b22afc4825326,1,80,1,0
sense5-2,84,1746446880865908902,534,534,274165,99cf721417696ddd58f3cea85a2be01388296ca641f9b68ea7bf27562f42b6d1,1,81,1,0
sense5-2,85,1746446881297565439,534,534,274164,98da02620afe6e7136d0349fe9f382c9a8b4b00ea8943dabdee530bd0fa7eae7,1,82,1,0
sense5-2,86,1746446881774660805,534,534,270952,08ce6e2832f3dd76932f937117ca10a06be8f3d123929105de3984c3a940a250,1,84,1,0
sense5-2,87,1746446882211246525,534,534,272116,1220e1bd56863f4e1ca63ca2c797c710bc7c69c40c3119e2bd7d040b4c63a4eb,1,85,1,0
sense5-2,88,1746446882902519432,691,690,454961,b6e4c60f8996e3cfa339a945d551d3eec31b1035de017bf9345fe3b9d2bb3acd,1,86,1,0
sense5-2,89,1746446883568454558,676,676,435859,47113919228b7cc6e7adbe3c673e8170e84fd8eb823ffa2d628d328096f7dbff,1,87,1,0
sense5-2,90,1746446884371769448,765,727,528298,6238d38915072c341aa3e07d963319abba707dad016f2471fadcf6c7972c1493,1,88,1,0
sense5-2,91,1746446884790852783,534,534,272268,b45d985fe1c47b99b564c200110c8a4d7784da74067a320a0e4d68d9b72d5eac,1,89,1,0
sense5-2,92,1746446885223217509,534,534,272270,9b80fcc8bb5e0725cf7dc45c85268567f1f20ca8b23655fc85d49ee6230b328f,1,90,1,0
sense5-2,93,1746446885654953127,534,534,272582,3185d375e45a485c92283e55a4be379a5000981c066cdf059cbfe559cbb28b72,1,91,1,0
sense5-2,94,1746446886080081320,534,534,272566,f753739960f397e95b74f6ddc68ccfd732716eea701fe71c290157d44ac72a5b,1,92,1,0
sense5-2,95,1746446887169637070,862,863,706578,2343affa8e84f2d026d958785c6e7ec36f74f4281b838dbbaa39050f7bc543b6,1,94,1,0
sense5-2,96,1746446887660162586,585,585,321049,375877bead4d1bf9217353848c064ab2f95bda9615c90104ac4207374bd1e7db,1,95,1,0
sense5-2,97,1746446888164754913,602,565,320037,62b876606102e3e128e5e691d91ad20d7ca8725c2157e42d7533de87ff5796a3,1,96,1,0
sense5-2,98,1746446888943948597,733,733,513885,3c44a3d9e5b698bc33640d444042d99c190c9b0cf234e2635edbfc8eb686a3c3,1,97,1,0
sense5-2,99,1746446889525107594,651,598,368685,13efe08c38298f2a37bf02a723aa62d25c16a4c007dc67187dbfc460cf6472ec,1,98,2,0
sense5-2,100,1746446890100073459,651,598,368685,13efe08c38298f2a37bf02a723aa62d25c16a4c007dc67187dbfc460cf6472ec,1,99,2,0
sense5-2,101,1746446890526421273,534,534,270685,ee4f30869e3df3cc68e97276c1b131051940139a658a92aebf66bc18a01ef095,1,100,1,0
sense5-2,102,1746446891012478948,614,534,310571,4c91c2e2cb274e7ddbce15e36d2886b937746006c7eff7812f57c7609b8a09b8,1,101,1,0
sense5-2,103,1746446891562779827,565,600,314555,488564425eabb0e5c110fbd29f5a96eb8b7d0b8346c35eb5d20f4154190146ea,1,103,1,0
sense5-2,104,1746446892142270751,534,534,270875,4193bbd93c5642649c9fcdb72925b2a4d5aab4c2553c72c4f77652f1ee636252,1,108,1,0
sense5-2,105,1746446892583139882,534,534,270195,183996f380c0594c27351458a6585d584d88fc7b7a15220c04f2db09f3fdd40f,1,109,1,0
sense5-2,106,1746446893422721990,766,766,559971,796c46f0110e903040c3a94c2bbe4919e92b6dc8106fbf4e20ceb754229452d2,1,110,1,0
sense5-2,107,1746446893951384956,594,600,335617,4b80523078cac15c065d051fadd24d45be636ddc4f6763785bfb2ccd4e2119d1,0,,1,1
sense5-2,108,1746446894610628035,663,663,410663,ef5803f18d3be672203dcdfe8809323fc153eaa6c00e81b43b76635148f763db,1,112,1,0
sense5-2,109,1746446895075603774,534,534,270168,e288fdc95c39f00b27ce71f828ba804e66489eb8e500e3b43f31185a8f677367,1,114,1,0
sense5-2,110,1746446895553614646,534,534,270527,aebaa7925801eb06b348426d4ee930bfa22701c9aa63b10f60b27a7e0662deab,1,116,1,0
sense5-2,111,1746446896053428862,547,576,293501,3ecfe1c62b73b42523bc64fdd1b8c00f3008f93bc433b9add6abe6732c2d2809,1,117,1,0
sense5-2,112,1746446896476112185,534,534,270544,1be6d347641c872b0b5ba46c67230218df659caed62f0ea366fd7e5e366a035c,1,118,1,0
sense5-2,113,1746446897581034024,828,828,659407,75d5828ebb35bec61b2c76a846d9a94734566276ed495762ba30387368e1ec8a,1,119,1,0
sense5-2,114,1746446898045328528,534,534,272226,c24646a2e2a7c0e7a38ffc2f0a76f77b7ef841a69534919ef0192db4a4e56ff7,1,121,1,0
sense5-2,115,1746446899013247621,534,534,271793,a52ce4c23a53637cb20a2154ce5abb60aaf59bb509c56789ef585c6253adfd60,1,123,1,0
sense5-2,116,1746446900023697650,534,534,270540,8a795480eb0c12b7a9a8bdb44ab4792af15ac37a9d975b3796695975f8cae620,1,125,2,0
sense5-2,117,1746446900452524729,534,534,270540,8a795480eb0c12b7a9a8bdb44ab4792af15ac37a9d975b3796695975f8cae620,1,126,2,0
sense5-2,118,1746446902010032906,534,534,271425,f5fabdc58b6f58e0ed11d171b1f3d3f5dd5a41f6f788b06eb7d852dd872c41e9,1,129,1,0
sense5-2,119,1746446902430656866,534,534,271426,4ced8d98caacdffa0684ebd92e95bb4b339197a95080c65d4152e9a38ec146d0,1,130,1,0
sense5-2,120,1746446903028735504,534,534,272109,8fe7b38fd4d61a9479a4ab498bfd82bb31ae9adbba57cdeab68d606eabd40255,1,131,1,0
sense5-2,121,1746446904010759171,534,534,271692,3c524ee3455896cc96419f28858ff2925cf012febc6538a7e08981046b13bf4b,1,133,1,0
sense5-2,122,1746446905010050905,534,534,271981,dd8a93175a06af79d0ec04c78c0c865f1f006f1729c7b8a2e6b7dd9d3453b898,1,135,1,0
sense5-2,123,1746446905439284356,534,534,271976,6287440948d20013927dd1ce97bc6a630537774c2201ec14877075e1eda12668,1,136,1,0
sense5-2,124,1746446906654659734,847,872,710398,e13b124da09b48aad59e128ee0fefd465048f24cfa417c9b0571760cf4035d8e,1,137,1,0
sense5-2,125,1746446907520088025,753,805,582009,f32116d2ae96a51a30db47656f86fabc5aad0e103731c01f4c065bf3c2d6b72a,1,138,1,0
sense5-2,126,1746446908325115837,704,767,517339,5f698042a4c4c927c806d7dafb68d3ab6d212a316366b63b65b41ffe6fa2e696,1,140,1,0
sense5-2,127,1746446908766203749,534,534,272236,1ab47557f6bcd9feb290ceceb5b9ce0f98a5a80cc4ea2dcee62739c0af752554,0,,1,1
sense5-2,128,1746446909240592118,534,534,272662,aabe399e7f241ebc71ebc05b3b5bd8466915e4e6cc0bd1152cde236c1bd3d281,1,143,1,0
sense5-2,129,1746446909665825845,534,534,272662,56bcba07276a70dd5bd14c866ad641008d028c207ae517ba6d8058863fff7a3b,1,144,1,0
sense5-2,130,1746446910109307890,534,534,272915,028f258f89673c91739c6e84a5e31f018c5598343ae2ae3bc2843746049e7229,1,145,1,0
