event_id,base_frame_cluster,seed,target_step,source_step,gt_positive,evaluation_role,known_error_injection,arm,candidate_returned,rigid_valid,gate_accepted,gate_score,gate_threshold,reject_reason,inlier_count,inlier_ratio,translation_error_m,yaw_error_deg,within_thresholds,correct_positive_accept,incorrect_positive_accept,positive_abstention,indeterminate_challenge_accept,false_accept_known_injection,atomic_committed,changed_cells,state_unchanged_on_reject,state_hash_before,state_hash_after,known_cells_before,known_cells_after,known_coverage_gain_cells,known_coverage_gain_fraction,known_precision_vs_oracle,known_recall_vs_oracle,false_known_cells_vs_oracle,missed_known_cells_vs_oracle,semantic_accuracy_on_mutually_known,added_cells_correct_fraction,reachable_free_cells,reachable_frontiers,route_available,route_length_m,route_oracle_safe,route_oracle_collision_cells,route_oracle_unknown_cells,oracle_known_cells,oracle_reachable_free_cells,oracle_reachable_frontiers,oracle_route_available,oracle_route_length_m
SYN_a3_predicted_raw_P_s11_00200_01,a3_ours_multi_ours_orb|predicted_raw|sync_step_00200,11,200,200,true,known_transform_positive,false,predicted,true,true,true,0.8912915274228426,0.2,accepted,498,0.5171339563862928,0.022981861907602107,0.014732587200285252,true,true,false,false,false,false,true,35712,false,27889356039471dee7b4f6111984556f73a9f4427b8c48a7b020c3f8bdfedc57,c4c9ea2340cfc14a1139a0ce9353ddea736a003ec3a5f3de68b3994a4aec70a6,139118,174830,35712,0.25670294282551503,0.9966882114053652,0.9977839874483216,579,387,0.9970444932884173,0.9693660394265233,139167,1193,true,22.6,false,0,1,174638,139450,1163,true,22.6
SYN_a3_predicted_raw_P_s11_00200_01,a3_ours_multi_ours_orb|predicted_raw|sync_step_00200,11,200,200,true,known_transform_positive,false,observed_only,true,true,true,0.588624598650154,0.2,accepted,469,0.6067270375161707,0.10834221726402848,0.07582706426049413,true,true,false,false,false,false,true,37452,false,27889356039471dee7b4f6111984556f73a9f4427b8c48a7b020c3f8bdfedc57,fff803a2aa5757de2135fa393c9351be6d04e39c4fa3504af66a346a0773b5e9,139118,176570,37452,0.26921031067151624,0.9835249476128448,0.9944055703798715,2909,977,0.9850628523387519,0.8530652568621169,139471,1144,true,22.6,false,0,1,174638,139450,1163,true,22.6
SYN_a3_predicted_raw_P_s11_00140_02,a3_ours_multi_ours_orb|predicted_raw|sync_step_00140,11,140,140,true,known_transform_positive,false,predicted,true,true,true,0.5133869331043635,0.2,accepted,419,0.4894859813084112,0.1322677004159552,0.10649265531947094,true,true,false,false,false,false,true,28888,false,aa569299549b85dcacf6c3a5f835d565fba3f40486dd9f9b7f3cb4d97d120c78,05d79faeeabc9d32fc9f5ef3b497cbd9ec5d8d27b23e30c94f230f7cdc6b2eda,118766,147654,28888,0.24323459575972922,0.9818833218199304,0.9950378169139751,2675,723,0.9898881907034812,0.8566532816394351,118869,1109,true,22.6,true,0,0,145702,118537,1185,true,22.6
SYN_a3_predicted_raw_P_s11_00140_02,a3_ours_multi_ours_orb|predicted_raw|sync_step_00140,11,140,140,true,known_transform_positive,false,observed_only,true,true,true,0.7513855280618219,0.2,accepted,539,0.6042600896860987,0.0433835206856056,0.058347376143814245,true,true,false,false,false,false,true,27690,false,aa569299549b85dcacf6c3a5f835d565fba3f40486dd9f9b7f3cb4d97d120c78,7dc2ae91434cee13afd40403f3f6dd137aab8e4b7d5e2ddd04bda73998086b28,118766,146456,27690,0.23314753380597142,0.9918268968154258,0.9969595475696971,1197,443,0.9963719976042793,0.9377392560491152,118736,1098,true,22.6,true,0,0,145702,118537,1185,true,22.6
SYN_a3_predicted_raw_P_s11_00070_03,a3_ours_multi_ours_orb|predicted_raw|sync_step_00070,11,70,70,true,known_transform_positive,false,predicted,true,true,true,0.6092532059341212,0.2,accepted,286,0.3917808219178082,0.03719749343430798,0.05706825044416064,true,true,false,false,false,false,true,34016,false,41e72840b20942abbdc998db6b4cd25fd96595686720cd825585dd6ef4005240,c55cfc1070bdee8a2e47870f94b8ca5c13efcfc5b61bcbac487e161eecba0343,86971,120987,34016,0.3911188787066953,0.9918916908428178,0.9942913956667633,981,689,0.9940086329016883,0.9500235183443085,99534,1276,true,21.450000000000003,false,43,0,120695,99850,1227,true,21.6
SYN_a3_predicted_raw_P_s11_00070_03,a3_ours_multi_ours_orb|predicted_raw|sync_step_00070,11,70,70,true,known_transform_positive,false,observed_only,true,true,true,0.5922806135277847,0.2,accepted,180,0.30560271646859083,0.07475833567844616,0.038335557666869136,true,true,false,false,false,false,true,33882,false,41e72840b20942abbdc998db6b4cd25fd96595686720cd825585dd6ef4005240,39067d900bc3ae09ea0e25914cf7210d614db66cedbfd1c75a541ceb7d6744fc,86971,120853,33882,0.38957813524048246,0.9902691699833682,0.9915655163842744,1176,1018,0.9900899922290833,0.930287468272239,99731,1220,true,21.700000000000003,false,6,8,120695,99850,1227,true,21.6
SYN_a3_predicted_raw_P_s11_00180_04,a3_ours_multi_ours_orb|predicted_raw|sync_step_00180,11,180,180,true,known_transform_positive,false,predicted,true,true,true,0.8196047221116859,0.2,accepted,510,0.5848623853211009,0.04704070528948557,0.04045593805670933,true,true,false,false,false,false,true,38104,false,fe83013ffb007db200b36a21c83f4082c32bf7205a5868cf3bce3b16c583aea2,2ff93777d6c66930d6cc2b73c0c5439073fcb4e83b37931c1f9df53b622cfbd6,138478,176582,38104,0.2751628417510363,0.992439773023298,0.9952013720100856,1335,845,0.9944250115551193,0.9393239554902373,141037,1167,true,22.6,false,0,1,176092,141035,1145,true,22.6
SYN_a3_predicted_raw_P_s11_00180_04,a3_ours_multi_ours_orb|predicted_raw|sync_step_00180,11,180,180,true,known_transform_positive,false,observed_only,true,true,true,0.7707918822124951,0.2,accepted,404,0.5,0.030872508650359384,0.179828834702505,true,true,false,false,false,false,true,38423,false,fe83013ffb007db200b36a21c83f4082c32bf7205a5868cf3bce3b16c583aea2,2c243208b89d4d3df949968be388385f9fb88c1f45e8d39114522cc04f3fe7f6,138478,176901,38423,0.27746645676569565,0.992979123916767,0.9975410580832746,1242,433,0.9973642113412919,0.9556255367878614,141069,1104,true,22.6,false,0,1,176092,141035,1145,true,22.6
SYN_a3_predicted_raw_P_s11_00260_05,a3_ours_multi_ours_orb|predicted_raw|sync_step_00260,11,260,260,true,known_transform_positive,false,predicted,true,true,true,0.9022601110229976,0.2,accepted,641,0.6104761904761905,0.012259853598113303,0.008614179707279845,true,true,false,false,false,false,true,40989,false,4133ae062bedd68095704cc41ccc8cf68e0da01b73ca28122576203a5acfb549,713c87b49b1c1cfd7edfb169b0e9f769f0ae636f2d3328501ed4c46dadf41d6b,186757,227746,40989,0.21947771703336422,0.99886715902804,0.9991216050033379,258,200,0.9988043325362217,0.9870697016272658,182181,753,true,31.05,false,10,0,227688,182295,762,true,31.05
SYN_a3_predicted_raw_P_s11_00260_05,a3_ours_multi_ours_orb|predicted_raw|sync_step_00260,11,260,260,true,known_transform_positive,false,observed_only,true,true,true,0.8619647105471848,0.2,accepted,679,0.6810431293881645,0.02799874073988974,0.0064848552515570645,true,true,false,false,false,false,true,41273,false,4133ae062bedd68095704cc41ccc8cf68e0da01b73ca28122576203a5acfb549,de60cfd1cc228ba2f283da052bee76e8c635f959fc43c958671c0acbcd82959a,186757,228030,41273,0.22099840969816392,0.9970354777880104,0.9985330803555743,676,334,0.9971894050687474,0.9681389770552177,182044,711,true,31.0,false,20,0,227688,182295,762,true,31.05
SYN_a3_predicted_raw_P_s11_00120_06,a3_ours_multi_ours_orb|predicted_raw|sync_step_00120,11,120,120,true,known_transform_positive,false,predicted,true,true,true,0.9336544050485759,0.2,accepted,573,0.6289791437980241,0.02938014788681563,0.12111815564290396,true,true,false,false,false,false,true,28927,false,a4898d7e984ac685b90ef414f11e13690da60cb73de39da5f59efef3397440bc,bf610b3351e3f50fb23663045e769bae62921c3ee183bdb71919222fc0cc05ce,114723,143650,28927,0.2521464745517464,0.9952871562826314,0.9960013096755767,677,574,0.9968035922866555,0.9607978705016075,117282,1341,true,22.6,false,0,1,143547,117472,1302,true,22.6
SYN_a3_predicted_raw_P_s11_00120_06,a3_ours_multi_ours_orb|predicted_raw|sync_step_00120,11,120,120,true,known_transform_positive,false,observed_only,true,true,true,0.6886988291953832,0.2,accepted,622,0.6334012219959266,0.0838169631630685,0.012304705439220243,true,true,false,false,false,false,true,30170,false,a4898d7e984ac685b90ef414f11e13690da60cb73de39da5f59efef3397440bc,0be7c81a6788480e85e88c68540c3f210652a4fd48daff1a1a73f4b96d4a7279,114723,144893,30170,0.2629812679236073,0.9851821689108514,0.9944199460803779,2147,801,0.9922729883849635,0.8922770964534306,117345,1308,true,22.6,true,0,0,143547,117472,1302,true,22.6
SYN_a3_predicted_raw_P_s11_00110_07,a3_ours_multi_ours_orb|predicted_raw|sync_step_00110,11,110,110,true,known_transform_positive,false,predicted,true,true,true,0.5922942788341775,0.2,accepted,471,0.5280269058295964,0.08945681801117047,0.31439572628147516,true,true,false,false,false,false,true,31398,false,a4898d7e984ac685b90ef414f11e13690da60cb73de39da5f59efef3397440bc,89049b909c553fcbe7e4aa17d70db5bb618667b99456ffc94c1cbb1fe4af7a7f,114723,146121,31398,0.2736853115765801,0.982131247390861,0.9930250903001702,2611,1008,0.990634798968713,0.8740365628383974,117916,1203,true,22.650000000000002,false,0,2,144518,118015,1254,true,22.6
SYN_a3_predicted_raw_P_s11_00110_07,a3_ours_multi_ours_orb|predicted_raw|sync_step_00110,11,110,110,true,known_transform_positive,false,observed_only,true,true,true,0.9106534916549033,0.2,accepted,653,0.6636178861788617,0.013410011029570077,0.03443289770990532,true,true,false,false,false,false,true,29902,false,a4898d7e984ac685b90ef414f11e13690da60cb73de39da5f59efef3397440bc,848cb40cf26f924935c1ba6c337bd52b91d880d28bbfa947f920592a6d2069ab,114723,144625,29902,0.2606452062794732,0.997600691443388,0.9983393072143263,347,240,0.9991197549175896,0.9841482175105344,118055,1274,true,22.6,false,0,1,144518,118015,1254,true,22.6
SYN_a3_predicted_raw_P_s11_00290_08,a3_ours_multi_ours_orb|predicted_raw|sync_step_00290,11,290,290,true,known_transform_positive,false,predicted,true,true,true,0.8408957249491066,0.2,accepted,586,0.5925176946410515,0.02155683306758914,0.0970209781712299,true,true,false,false,false,false,true,25948,false,2fd430daf733a6fae7c07bdd24ee585e24bff513fa1c03c6e1a66b42a9d20e8a,75080cbd00735825ccdbe90f9a943eb6b04156eb756e9a965a43101a7befca62,202725,228673,25948,0.1279960537674189,0.9961823214808919,0.9984615452047109,873,351,0.9983582089552239,0.9519423462309233,182062,694,true,23.55,false,3,0,228151,182296,710,true,23.700000000000003
SYN_a3_predicted_raw_P_s11_00290_08,a3_ours_multi_ours_orb|predicted_raw|sync_step_00290,11,290,290,true,known_transform_positive,false,observed_only,true,true,true,0.8663650757747116,0.2,accepted,720,0.6876790830945558,0.01893772151314092,0.0049056960701534535,true,true,false,false,false,false,true,25768,false,2fd430daf733a6fae7c07bdd24ee585e24bff513fa1c03c6e1a66b42a9d20e8a,3e49115b13a00da23b3a9fdb57dbdaf75a7316ab0fd6cddf5aca95114d389316,202725,228493,25768,0.1271081514366753,0.9973828519910894,0.9988779361037208,598,256,0.9985914565918516,0.9643356100589879,181966,713,true,23.650000000000002,false,3,0,228151,182296,710,true,23.700000000000003
SYN_a3_predicted_raw_P_s11_00160_09,a3_ours_multi_ours_orb|predicted_raw|sync_step_00160,11,160,160,true,known_transform_positive,false,predicted,true,true,true,0.805103900838498,0.2,accepted,459,0.5583941605839416,0.04205730066566287,0.08306643414175596,true,true,false,false,false,false,true,19149,false,9557b2965d697e2bf87c0124b632b4c088c011b22648ebc87089d091af2e7ea4,e81e872caf8fe2525f42d5886e8134818018d59e9f195d43bb740f64ccd188d1,130831,149980,19149,0.14636439375988872,0.992358981197493,0.9961981767312352,1146,568,0.9958745985460311,0.9080891952582381,120603,1093,true,22.6,true,0,0,149402,120563,1119,true,22.6
SYN_a3_predicted_raw_P_s11_00160_09,a3_ours_multi_ours_orb|predicted_raw|sync_step_00160,11,160,160,true,known_transform_positive,false,observed_only,true,true,true,0.7437841779074007,0.2,accepted,522,0.5819397993311036,0.06257367693141651,0.0609011902793668,true,true,false,false,false,false,true,19350,false,9557b2965d697e2bf87c0124b632b4c088c011b22648ebc87089d091af2e7ea4,06381f49ac2e5ca274c063763a1fb2bc5678470c6567bdaf91cbe84bd5836446,130831,150181,19350,0.14790072689194456,0.9899321485407608,0.9950937738450624,1512,733,0.99542608075658,0.88671834625323,120590,1092,true,22.700000000000003,false,0,4,149402,120563,1119,true,22.6
SYN_a3_predicted_raw_P_s11_00060_10,a3_ours_multi_ours_orb|predicted_raw|sync_step_00060,11,60,60,true,known_transform_positive,false,predicted,true,true,true,0.5847893114080165,0.2,accepted,247,0.3241469816272966,0.07296668359729974,0.06987478164376171,true,true,false,false,false,false,true,31402,false,d3f6d7a104edcf182d2bce45d98b7ff2333950b5e81feec2b7e6eaffd170aba2,77e2ecc35cdfa14d23d79c4dd31e176b3ea21385a2907cba9813df5a00da757c,85618,117020,31402,0.36676867013945663,0.9891727909759016,0.9920041821640985,1267,933,0.9920693200176237,0.9304184446850519,97331,1298,true,18.650000000000002,false,0,41,116686,97362,1317,true,18.75
SYN_a3_predicted_raw_P_s11_00060_10,a3_ours_multi_ours_orb|predicted_raw|sync_step_00060,11,60,60,true,known_transform_positive,false,observed_only,true,true,true,0.6492805755395683,0.2,accepted,225,0.29335071707953064,0.047276621343273595,0.0491577088936026,true,true,false,false,false,false,true,31228,false,d3f6d7a104edcf182d2bce45d98b7ff2333950b5e81feec2b7e6eaffd170aba2,592cf922d32efba202f2dad38a0aaf7cff0f88dafe028ca0b4d87027288edf0f,85618,116846,31228,0.3647363872082973,0.9925799770638276,0.993941004062184,867,707,0.9943610481207805,0.9512937107723838,97301,1315,true,18.7,false,0,40,116686,97362,1317,true,18.75
SYN_a3_predicted_raw_N_s11_00010_00070_01,a3_ours_multi_ours_orb|predicted_raw|frozen_temporal_mismatch_low_support_iou_00010_a3_ours_multi_ours_orb_00070,11,10,70,false,indeterminate_abstention_challenge,false,predicted,true,false,false,0.0,0.2,non_unit_se2_candidate,44,0.12571428571428572,,,,false,false,false,false,false,false,0,true,a75121af853a29e28071e48b29362a6f9fe21a6a9a84b7e305517be6d5639514,a75121af853a29e28071e48b29362a6f9fe21a6a9a84b7e305517be6d5639514,15124,15124,0,0.0,,,,,,,12263,252,true,8.700000000000001,,,,,,,,
SYN_a3_predicted_raw_N_s11_00010_00070_01,a3_ours_multi_ours_orb|predicted_raw|frozen_temporal_mismatch_low_support_iou_00010_a3_ours_multi_ours_orb_00070,11,10,70,false,indeterminate_abstention_challenge,false,observed_only,true,false,false,0.0,0.2,non_unit_se2_candidate,41,0.16334661354581673,,,,false,false,false,false,false,false,0,true,a75121af853a29e28071e48b29362a6f9fe21a6a9a84b7e305517be6d5639514,a75121af853a29e28071e48b29362a6f9fe21a6a9a84b7e305517be6d5639514,15124,15124,0,0.0,,,,,,,12263,252,true,8.700000000000001,,,,,,,,
SYN_a3_predicted_raw_N_s11_00010_00040_02,a3_ours_multi_ours_orb|predicted_raw|frozen_temporal_mismatch_low_support_iou_00010_a3_ours_multi_ours_orb_00040,11,10,40,false,indeterminate_abstention_challenge,false,predicted,true,false,false,0.0,0.2,non_unit_se2_candidate,80,0.14571948998178508,,,,false,false,false,false,false,false,0,true,a75121af853a29e28071e48b29362a6f9fe21a6a9a84b7e305517be6d5639514,a75121af853a29e28071e48b29362a6f9fe21a6a9a84b7e305517be6d5639514,15124,15124,0,0.0,,,,,,,12263,252,true,8.700000000000001,,,,,,,,
SYN_a3_predicted_raw_N_s11_00010_00040_02,a3_ours_multi_ours_orb|predicted_raw|frozen_temporal_mismatch_low_support_iou_00010_a3_ours_multi_ours_orb_00040,11,10,40,false,indeterminate_abstention_challenge,false,observed_only,true,false,false,0.0,0.2,non_unit_se2_candidate,70,0.14644351464435146,,,,false,false,false,false,false,false,0,true,a75121af853a29e28071e48b29362a6f9fe21a6a9a84b7e305517be6d5639514,a75121af853a29e28071e48b29362a6f9fe21a6a9a84b7e305517be6d5639514,15124,15124,0,0.0,,,,,,,12263,252,true,8.700000000000001,,,,,,,,
SYN_a3_predicted_raw_N_s11_00010_00060_03,a3_ours_multi_ours_orb|predicted_raw|frozen_temporal_mismatch_low_support_iou_00010_a3_ours_multi_ours_orb_00060,11,10,60,false,indeterminate_abstention_challenge,false,predicted,true,false,false,0.0,0.2,non_unit_se2_candidate,45,0.125,,,,false,false,false,false,false,false,0,true,a75121af853a29e28071e48b29362a6f9fe21a6a9a84b7e305517be6d5639514,a75121af853a29e28071e48b29362a6f9fe21a6a9a84b7e305517be6d5639514,15124,15124,0,0.0,,,,,,,12263,252,true,8.700000000000001,,,,,,,,
SYN_a3_predicted_raw_N_s11_00010_00060_03,a3_ours_multi_ours_orb|predicted_raw|frozen_temporal_mismatch_low_support_iou_00010_a3_ours_multi_ours_orb_00060,11,10,60,false,indeterminate_abstention_challenge,false,observed_only,true,false,false,0.0,0.2,non_unit_se2_candidate,69,0.184,,,,false,false,false,false,false,false,0,true,a75121af853a29e28071e48b29362a6f9fe21a6a9a84b7e305517be6d5639514,a75121af853a29e28071e48b29362a6f9fe21a6a9a84b7e305517be6d5639514,15124,15124,0,0.0,,,,,,,12263,252,true,8.700000000000001,,,,,,,,
SYN_a3_predicted_raw_N_s11_00010_00020_04,a3_ours_multi_ours_orb|predicted_raw|frozen_temporal_mismatch_low_support_iou_00010_a3_ours_multi_ours_orb_00020,11,10,20,false,indeterminate_abstention_challenge,false,predicted,true,false,false,0.0,0.2,non_unit_se2_candidate,51,0.1069182389937107,,,,false,false,false,false,false,false,0,true,a75121af853a29e28071e48b29362a6f9fe21a6a9a84b7e305517be6d5639514,a75121af853a29e28071e48b29362a6f9fe21a6a9a84b7e305517be6d5639514,15124,15124,0,0.0,,,,,,,12263,252,true,8.700000000000001,,,,,,,,
SYN_a3_predicted_raw_N_s11_00010_00020_04,a3_ours_multi_ours_orb|predicted_raw|frozen_temporal_mismatch_low_support_iou_00010_a3_ours_multi_ours_orb_00020,11,10,20,false,indeterminate_abstention_challenge,false,observed_only,true,false,false,0.0,0.2,non_unit_se2_candidate,61,0.1466346153846154,,,,false,false,false,false,false,false,0,true,a75121af853a29e28071e48b29362a6f9fe21a6a9a84b7e305517be6d5639514,a75121af853a29e28071e48b29362a6f9fe21a6a9a84b7e305517be6d5639514,15124,15124,0,0.0,,,,,,,12263,252,true,8.700000000000001,,,,,,,,
SYN_a3_predicted_raw_N_s11_00010_00030_05,a3_ours_multi_ours_orb|predicted_raw|frozen_temporal_mismatch_low_support_iou_00010_a3_ours_multi_ours_orb_00030,11,10,30,false,indeterminate_abstention_challenge,false,predicted,true,false,false,0.0,0.2,non_unit_se2_candidate,70,0.12323943661971831,,,,false,false,false,false,false,false,0,true,a75121af853a29e28071e48b29362a6f9fe21a6a9a84b7e305517be6d5639514,a75121af853a29e28071e48b29362a6f9fe21a6a9a84b7e305517be6d5639514,15124,15124,0,0.0,,,,,,,12263,252,true,8.700000000000001,,,,,,,,
SYN_a3_predicted_raw_N_s11_00010_00030_05,a3_ours_multi_ours_orb|predicted_raw|frozen_temporal_mismatch_low_support_iou_00010_a3_ours_multi_ours_orb_00030,11,10,30,false,indeterminate_abstention_challenge,false,observed_only,true,false,false,0.0,0.2,non_unit_se2_candidate,69,0.16273584905660377,,,,false,false,false,false,false,false,0,true,a75121af853a29e28071e48b29362a6f9fe21a6a9a84b7e305517be6d5639514,a75121af853a29e28071e48b29362a6f9fe21a6a9a84b7e305517be6d5639514,15124,15124,0,0.0,,,,,,,12263,252,true,8.700000000000001,,,,,,,,
SYN_a3_predicted_raw_N_s11_00020_00010_06,a3_ours_multi_ours_orb|predicted_raw|frozen_temporal_mismatch_low_support_iou_00020_a3_ours_multi_ours_orb_00010,11,20,10,false,indeterminate_abstention_challenge,false,predicted,true,false,false,0.0572562358276644,0.2,non_unit_se2_candidate,53,0.2398190045248869,,,,false,false,false,false,false,false,0,true,d4b00509638301fe3154d5558962e53f285b86114f6a64a6639fe7bf37cf0dfd,d4b00509638301fe3154d5558962e53f285b86114f6a64a6639fe7bf37cf0dfd,23981,23981,0,0.0,,,,,,,19984,439,true,24.400000000000002,,,,,,,,
SYN_a3_predicted_raw_N_s11_00020_00010_06,a3_ours_multi_ours_orb|predicted_raw|frozen_temporal_mismatch_low_support_iou_00020_a3_ours_multi_ours_orb_00010,11,20,10,false,indeterminate_abstention_challenge,false,observed_only,true,false,false,0.0,0.2,non_unit_se2_candidate,35,0.15217391304347827,,,,false,false,false,false,false,false,0,true,d4b00509638301fe3154d5558962e53f285b86114f6a64a6639fe7bf37cf0dfd,d4b00509638301fe3154d5558962e53f285b86114f6a64a6639fe7bf37cf0dfd,23981,23981,0,0.0,,,,,,,19984,439,true,24.400000000000002,,,,,,,,
SYN_a3_predicted_raw_N_s11_00030_00010_07,a3_ours_multi_ours_orb|predicted_raw|frozen_temporal_mismatch_low_support_iou_00030_a3_ours_multi_ours_orb_00010,11,30,10,false,indeterminate_abstention_challenge,false,predicted,true,false,false,0.0,0.2,non_unit_se2_candidate,35,0.22435897435897437,,,,false,false,false,false,false,false,0,true,3ff72abe93c1cc4512a65f7fedc5247a3222b34e51f558cf0871e96d475a3967,3ff72abe93c1cc4512a65f7fedc5247a3222b34e51f558cf0871e96d475a3967,33893,33893,0,0.0,,,,,,,28816,1565,true,25.05,,,,,,,,
SYN_a3_predicted_raw_N_s11_00030_00010_07,a3_ours_multi_ours_orb|predicted_raw|frozen_temporal_mismatch_low_support_iou_00030_a3_ours_multi_ours_orb_00010,11,30,10,false,indeterminate_abstention_challenge,false,observed_only,true,false,false,0.0,0.2,non_unit_se2_candidate,31,0.14285714285714285,,,,false,false,false,false,false,false,0,true,3ff72abe93c1cc4512a65f7fedc5247a3222b34e51f558cf0871e96d475a3967,3ff72abe93c1cc4512a65f7fedc5247a3222b34e51f558cf0871e96d475a3967,33893,33893,0,0.0,,,,,,,28816,1565,true,25.05,,,,,,,,
SYN_a3_predicted_raw_N_s11_00020_00030_08,a3_ours_multi_ours_orb|predicted_raw|frozen_temporal_mismatch_low_support_iou_00020_a3_ours_multi_ours_orb_00030,11,20,30,false,indeterminate_abstention_challenge,false,predicted,true,true,false,0.14191564147627417,0.2,low_inlier_ratio,42,0.11320754716981132,,,,false,false,false,false,false,false,0,true,d4b00509638301fe3154d5558962e53f285b86114f6a64a6639fe7bf37cf0dfd,d4b00509638301fe3154d5558962e53f285b86114f6a64a6639fe7bf37cf0dfd,23981,23981,0,0.0,,,,,,,19984,439,true,24.400000000000002,,,,,,,,
SYN_a3_predicted_raw_N_s11_00020_00030_08,a3_ours_multi_ours_orb|predicted_raw|frozen_temporal_mismatch_low_support_iou_00020_a3_ours_multi_ours_orb_00030,11,20,30,false,indeterminate_abstention_challenge,false,observed_only,true,false,false,0.0,0.2,non_unit_se2_candidate,71,0.15990990990990991,,,,false,false,false,false,false,false,0,true,d4b00509638301fe3154d5558962e53f285b86114f6a64a6639fe7bf37cf0dfd,d4b00509638301fe3154d5558962e53f285b86114f6a64a6639fe7bf37cf0dfd,23981,23981,0,0.0,,,,,,,19984,439,true,24.400000000000002,,,,,,,,
SYN_a3_predicted_raw_N_s11_00020_00070_09,a3_ours_multi_ours_orb|predicted_raw|frozen_temporal_mismatch_low_support_iou_00020_a3_ours_multi_ours_orb_00070,11,20,70,false,indeterminate_abstention_challenge,false,predicted,true,false,false,0.0,0.2,non_unit_se2_candidate,44,0.09713024282560706,,,,false,false,false,false,false,false,0,true,d4b00509638301fe3154d5558962e53f285b86114f6a64a6639fe7bf37cf0dfd,d4b00509638301fe3154d5558962e53f285b86114f6a64a6639fe7bf37cf0dfd,23981,23981,0,0.0,,,,,,,19984,439,true,24.400000000000002,,,,,,,,
SYN_a3_predicted_raw_N_s11_00020_00070_09,a3_ours_multi_ours_orb|predicted_raw|frozen_temporal_mismatch_low_support_iou_00020_a3_ours_multi_ours_orb_00070,11,20,70,false,indeterminate_abstention_challenge,false,observed_only,true,false,false,0.0,0.2,non_unit_se2_candidate,40,0.14814814814814814,,,,false,false,false,false,false,false,0,true,d4b00509638301fe3154d5558962e53f285b86114f6a64a6639fe7bf37cf0dfd,d4b00509638301fe3154d5558962e53f285b86114f6a64a6639fe7bf37cf0dfd,23981,23981,0,0.0,,,,,,,19984,439,true,24.400000000000002,,,,,,,,
SYN_a3_predicted_raw_N_s11_00010_00070_10,a3_ours_multi_ours_orb|predicted_raw|frozen_temporal_mismatch_low_support_iou_00010_a3_ours_multi_ours_orb_00070,11,10,70,false,indeterminate_abstention_challenge,false,predicted,true,false,false,0.0,0.2,non_unit_se2_candidate,44,0.12571428571428572,,,,false,false,false,false,false,false,0,true,a75121af853a29e28071e48b29362a6f9fe21a6a9a84b7e305517be6d5639514,a75121af853a29e28071e48b29362a6f9fe21a6a9a84b7e305517be6d5639514,15124,15124,0,0.0,,,,,,,12263,252,true,8.700000000000001,,,,,,,,
SYN_a3_predicted_raw_N_s11_00010_00070_10,a3_ours_multi_ours_orb|predicted_raw|frozen_temporal_mismatch_low_support_iou_00010_a3_ours_multi_ours_orb_00070,11,10,70,false,indeterminate_abstention_challenge,false,observed_only,true,false,false,0.0,0.2,non_unit_se2_candidate,41,0.16334661354581673,,,,false,false,false,false,false,false,0,true,a75121af853a29e28071e48b29362a6f9fe21a6a9a84b7e305517be6d5639514,a75121af853a29e28071e48b29362a6f9fe21a6a9a84b7e305517be6d5639514,15124,15124,0,0.0,,,,,,,12263,252,true,8.700000000000001,,,,,,,,
SYN_a3_predicted_raw_P_s23_00290_01,a3_ours_multi_ours_orb|predicted_raw|sync_step_00290,23,290,290,true,known_transform_positive,false,predicted,true,true,true,0.8592626102691698,0.2,accepted,801,0.6840307429547395,0.01839782983809824,0.06643896322930232,true,true,false,false,false,false,true,25739,false,2fd430daf733a6fae7c07bdd24ee585e24bff513fa1c03c6e1a66b42a9d20e8a,13c54ce65478a921ea0f52e9a4358226bc6410e36c9780c92a258f014a479055,202725,228464,25739,0.12696510050561105,0.9970148469780797,0.998737229797869,682,288,0.9982834464531877,0.9583122887447065,182106,705,true,23.650000000000002,false,6,0,228070,182373,709,true,23.650000000000002
SYN_a3_predicted_raw_P_s23_00290_01,a3_ours_multi_ours_orb|predicted_raw|sync_step_00290,23,290,290,true,known_transform_positive,false,observed_only,true,true,true,0.8823343135037321,0.2,accepted,832,0.7234782608695652,0.010356073191413833,0.005502178650175438,true,true,false,false,false,false,true,25545,false,2fd430daf733a6fae7c07bdd24ee585e24bff513fa1c03c6e1a66b42a9d20e8a,04d8a32b378dd871ba4ec718a7e0fc6729658c31298830e2d784461a304f7c34,202725,228270,25545,0.1260081391046985,0.998462347220397,0.9993379225676328,351,151,0.9989689319451208,0.9770600900371893,182141,710,true,23.6,false,0,1,228070,182373,709,true,23.650000000000002
SYN_a3_predicted_raw_P_s23_00260_02,a3_ours_multi_ours_orb|predicted_raw|sync_step_00260,23,260,260,true,known_transform_positive,false,predicted,true,true,true,0.690870340999207,0.2,accepted,432,0.4605543710021322,0.06589306043919935,0.04928438333340068,true,true,false,false,false,false,true,42743,false,4133ae062bedd68095704cc41ccc8cf68e0da01b73ca28122576203a5acfb549,f01d98f1971937724a6304676fd9cd2030991497629cb4cd076ffd8a3abde4f4,186757,229500,42743,0.22886960060399342,0.9902483660130719,0.9963261727312582,2238,838,0.9909443725743855,0.8994923145310343,182035,700,true,31.25,false,105,0,228100,182111,720,true,31.200000000000003
SYN_a3_predicted_raw_P_s23_00260_02,a3_ours_multi_ours_orb|predicted_raw|sync_step_00260,23,260,260,true,known_transform_positive,false,observed_only,true,true,true,0.7554520222045995,0.2,accepted,506,0.5591160220994476,0.04466505462807862,0.015835491658577894,true,true,false,false,false,false,true,42305,false,4133ae062bedd68095704cc41ccc8cf68e0da01b73ca28122576203a5acfb549,dedbe2376d71d95e0a2e36526eb1c6ff23fa7330988a3423625f8111cbb546fe,186757,229062,42305,0.22652430698715442,0.9936654704839738,0.9978562034195528,1451,489,0.9949607004933857,0.9385888192885001,182112,691,true,31.3,false,47,1,228100,182111,720,true,31.200000000000003
SYN_a3_predicted_raw_P_s23_00420_03,a3_ours_multi_ours_orb|predicted_raw|sync_step_00420,23,420,420,true,known_transform_positive,false,predicted,true,true,true,0.7477193424980031,0.2,accepted,758,0.6551426101987899,0.05494911588947771,0.021431281644794353,true,true,false,false,false,false,true,24699,false,6ed7119055da56812ac5afcea8afcfca8cd6cba8d10095d5ec3c44b8daaa7c50,78a422a6041524ff0964de3a6b3377933b5ed8c8392b8b47bb0b7bcf7d0859e6,214786,239485,24699,0.11499352844226346,0.9922166315218072,0.9980636923412942,1864,461,0.9961745805294987,0.8877282481072108,190192,663,true,28.75,false,0,105,238082,190204,655,true,28.8
SYN_a3_predicted_raw_P_s23_00420_03,a3_ours_multi_ours_orb|predicted_raw|sync_step_00420,23,420,420,true,known_transform_positive,false,observed_only,true,true,true,0.8445789717072351,0.2,accepted,817,0.6882898062342039,0.035518049325935046,0.013902053008138182,true,true,false,false,false,false,true,23869,false,6ed7119055da56812ac5afcea8afcfca8cd6cba8d10095d5ec3c44b8daaa7c50,e175a84ecce76ace5be25e03328d3c4d812364f6c1879fd8ec0723987cfc85b7,214786,238655,23869,0.11112921698807185,0.9959774569985963,0.998374509622735,960,387,0.9974463072424746,0.9343499937156982,189994,627,true,28.85,false,0,15,238082,190204,655,true,28.8
SYN_a3_predicted_raw_P_s23_00250_04,a3_ours_multi_ours_orb|predicted_raw|sync_step_00250,23,250,250,true,known_transform_positive,false,predicted,true,true,true,0.7083246401001461,0.2,accepted,394,0.5044814340588989,0.06066175977091852,0.10975049391535663,true,true,false,false,false,false,true,23319,false,c9abfd8392d660fc194436e8c7dcd74f4fcf18a55e7c3b668df25a04c633d5a0,79ff35b0c7ef8c05284f2522eb8af47f0260e814c74ecb6175b8602fc83f1432,178721,202040,23319,0.13047711237067833,0.9903039002177787,0.9969008933598401,1959,622,0.9955318096171051,0.8776534156696256,159643,958,true,23.6,false,0,1,200703,159831,1000,true,23.650000000000002
SYN_a3_predicted_raw_P_s23_00250_04,a3_ours_multi_ours_orb|predicted_raw|sync_step_00250,23,250,250,true,known_transform_positive,false,observed_only,true,true,true,0.5875756311287293,0.2,accepted,380,0.4935064935064935,0.10242103765948098,0.10807154056521995,true,true,false,false,false,false,true,23907,false,c9abfd8392d660fc194436e8c7dcd74f4fcf18a55e7c3b668df25a04c633d5a0,007b2636f6ee5347bebac037f5eb567473b832f8cea2bf5683ac58a029bee469,178721,202628,23907,0.13376715662960703,0.9870353554296544,0.9965022944350608,2627,702,0.9919700401497993,0.822938888191743,159919,966,true,23.650000000000002,false,40,0,200703,159831,1000,true,23.650000000000002
SYN_a3_predicted_raw_P_s23_00150_05,a3_ours_multi_ours_orb|predicted_raw|sync_step_00150,23,150,150,true,known_transform_positive,false,predicted,true,true,true,0.6813538173594322,0.2,accepted,453,0.5224913494809689,0.06975827705036272,0.05815240510602848,true,true,false,false,false,false,true,29891,false,91f7154439c70cc28aba8b40bfad8af98631acac402293e9c83f14dd0d387660,fa5824a879d4d3b78467d53af07178ae2bfb95223a9a77b35f3fb3641ea15121,118806,148697,29891,0.25159503728767907,0.9895357673658514,0.9958040348941872,1556,620,0.9929999116493703,0.9134856645813121,119502,922,true,22.6,true,0,0,147761,119390,943,true,22.6
SYN_a3_predicted_raw_P_s23_00150_05,a3_ours_multi_ours_orb|predicted_raw|sync_step_00150,23,150,150,true,known_transform_positive,false,observed_only,true,true,true,0.8207907665912813,0.2,accepted,478,0.5704057279236276,0.03854202573466698,0.019302419359519263,true,true,false,false,false,false,true,29195,false,91f7154439c70cc28aba8b40bfad8af98631acac402293e9c83f14dd0d387660,1115bd2b385feafe422a18d266d44eadc3eefcb7054105f965bf31f4d9852caa,118806,148001,29195,0.2457367473023248,0.9948851696947993,0.9965011065166045,757,517,0.9959115481785336,0.9534509333790032,119362,951,true,22.6,true,0,0,147761,119390,943,true,22.6
SYN_a3_predicted_raw_P_s23_00160_06,a3_ours_multi_ours_orb|predicted_raw|sync_step_00160,23,160,160,true,known_transform_positive,false,predicted,true,true,true,0.6427998541742618,0.2,accepted,446,0.5777202072538861,0.0968955260401036,0.11436614711712423,true,true,false,false,false,false,true,20157,false,9557b2965d697e2bf87c0124b632b4c088c011b22648ebc87089d091af2e7ea4,9190aa9dfa8d507f5912a249b23398762bb9aa486f98b1a9d6c1477a4326ec7b,130831,150988,20157,0.15406898976542258,0.9854160595544017,0.9953705562022505,2202,692,0.9923178256018711,0.8340526864116684,120851,1060,true,22.6,true,0,0,149478,120613,1059,true,22.6
SYN_a3_predicted_raw_P_s23_00160_06,a3_ours_multi_ours_orb|predicted_raw|sync_step_00160,23,160,160,true,known_transform_positive,false,observed_only,true,true,true,0.4762668611009843,0.2,accepted,489,0.5415282392026578,0.14305355411572027,0.05114314792666619,true,true,false,false,false,false,true,21005,false,9557b2965d697e2bf87c0124b632b4c088c011b22648ebc87089d091af2e7ea4,f190e9afc3a3abd1c5b4dadce05cfa4003c029169ff3add98f5d1cbc438567cc,130831,151836,21005,0.1605506340240463,0.9794383413683184,0.9948888799689587,3122,764,0.9892679909087241,0.7753868126636515,120860,1054,true,22.6,true,0,0,149478,120613,1059,true,22.6
SYN_a3_predicted_raw_P_s23_00390_07,a3_ours_multi_ours_orb|predicted_raw|sync_step_00390,23,390,390,true,known_transform_positive,false,predicted,true,true,true,0.9146964579544471,0.2,accepted,615,0.6294779938587513,0.008920411190497716,0.0003160104045321077,true,true,false,false,false,false,true,15010,false,a7a9633fe1a857fbd6fa2ee28f774f85c0d4a4048d3e12f5145e69e231f10c88,71fc6f6e75bb886655d97c650afa65468391054c7ea96abb0bac3b533ba1cb44,210929,225939,15010,0.071161386058816,0.999300696205613,0.9993537735640273,158,146,0.9995260894406527,0.9823451032644903,180926,798,true,22.8,true,0,0,225927,180854,790,true,22.8
SYN_a3_predicted_raw_P_s23_00390_07,a3_ours_multi_ours_orb|predicted_raw|sync_step_00390,23,390,390,true,known_transform_positive,false,observed_only,true,true,true,0.8973326405126872,0.2,accepted,669,0.70199370409234,0.02218713272842525,0.017192049537612775,true,true,false,false,false,false,true,15111,false,a7a9633fe1a857fbd6fa2ee28f774f85c0d4a4048d3e12f5145e69e231f10c88,f083fc8fba155b7668079689d0612280dd7eebe15a0a4fac492ec71cd26ccfdc,210929,226040,15111,0.07164022016887199,0.9979915059281543,0.9984906629132418,454,341,0.9986834289361929,0.950301105155185,180779,810,true,22.75,false,0,1,225927,180854,790,true,22.8
SYN_a3_predicted_raw_P_s23_00170_08,a3_ours_multi_ours_orb|predicted_raw|sync_step_00170,23,170,170,true,known_transform_positive,false,predicted,true,true,true,0.8093145869947276,0.2,accepted,497,0.577906976744186,0.04482262019424073,0.03223349797491437,true,true,false,false,false,false,true,21405,false,1b30adbf3d0625739a91127c9691af7dff69e98283a466f8747b12c25c3d1947,00b429a1c551af1231e9268fab53bf7cedaad02e88163b611aab3178579a1363,137205,158610,21405,0.15600743413140922,0.9940104659227035,0.995636276373373,950,691,0.9966193073702905,0.9307171221677178,127410,1160,true,22.6,true,0,0,158351,127493,1197,true,22.6
SYN_a3_predicted_raw_P_s23_00170_08,a3_ours_multi_ours_orb|predicted_raw|sync_step_00170,23,170,170,true,known_transform_positive,false,observed_only,true,true,true,0.8216844666756793,0.2,accepted,523,0.5843575418994413,0.03278505982422251,0.05188004497017573,true,true,false,false,false,false,true,21388,false,1b30adbf3d0625739a91127c9691af7dff69e98283a466f8747b12c25c3d1947,9ef54d42324ef1005c6a57cbe86ff540ae63ff094999785a62b9a33e949d3aad,137205,158593,21388,0.1558835319412558,0.9949367248239204,0.9964572374029845,803,561,0.9971227580962038,0.9412287263886291,127429,1250,true,22.6,true,0,0,158351,127493,1197,true,22.6
SYN_a3_predicted_raw_P_s23_00200_09,a3_ours_multi_ours_orb|predicted_raw|sync_step_00200,23,200,200,true,known_transform_positive,false,predicted,true,true,true,0.6230260140226722,0.2,accepted,476,0.5593419506462984,0.11672627768182649,0.0884208545953129,true,true,false,false,false,false,true,41995,false,27889356039471dee7b4f6111984556f73a9f4427b8c48a7b020c3f8bdfedc57,0a3f7cc46bbec225973e825f5037c8c33a660b0a7a5f401a535f9a794b08e7c1,139118,181113,41995,0.3018660417774839,0.9837836047108711,0.9906922435362803,2937,1674,0.9827642331178161,0.8569353494463626,143346,966,true,22.650000000000002,false,0,7,179850,143236,1099,true,22.6
SYN_a3_predicted_raw_P_s23_00200_09,a3_ours_multi_ours_orb|predicted_raw|sync_step_00200,23,200,200,true,known_transform_positive,false,observed_only,true,true,true,0.740842670860363,0.2,accepted,434,0.5377942998760843,0.05922198880872003,0.12117469610851117,true,true,false,false,false,false,true,41578,false,27889356039471dee7b4f6111984556f73a9f4427b8c48a7b020c3f8bdfedc57,2b44997dbe87a2074ffb6f1274a813fb91447084c8e7d770290a1ba62c46a9d1,139118,180696,41578,0.2988685863799077,0.9900329835746225,0.9946900194606617,1801,955,0.9920959221889936,0.9226754533647602,143323,999,true,22.6,false,0,3,179850,143236,1099,true,22.6
SYN_a3_predicted_raw_P_s23_00310_10,a3_ours_multi_ours_orb|predicted_raw|sync_step_00310,23,310,310,true,known_transform_positive,false,predicted,true,true,true,0.750248172547604,0.2,accepted,508,0.5997638724911453,0.04963520651503809,0.023027768453147246,true,true,false,false,false,false,true,19535,false,aada63badbf933de13f1ec5c3beb181afd8f2499be084ec83659ab065e52fb14,91184890ca497d845f13048b351fdf1a89f98e03c7ecd9093f673384cbfbd48d,202933,222468,19535,0.09626329872420947,0.9926371433194886,0.996826657879413,1638,703,0.9963818321785989,0.8752495520859995,176977,842,true,22.6,false,0,2,221533,177127,842,true,22.6
SYN_a3_predicted_raw_P_s23_00310_10,a3_ours_multi_ours_orb|predicted_raw|sync_step_00310,23,310,310,true,known_transform_positive,false,observed_only,true,true,true,0.8239779803266853,0.2,accepted,528,0.6683544303797468,0.036061482775742226,0.030626345001451227,true,true,false,false,false,false,true,18920,false,aada63badbf933de13f1ec5c3beb181afd8f2499be084ec83659ab065e52fb14,0a22b918b61b7d15fb1c074c2fcc8e3157d3549770d6aea685ad3e5858b16efd,202933,221853,18920,0.09323274184090316,0.9965788157022893,0.9980183539246974,759,439,0.9976390132703737,0.9322938689217759,177091,850,true,22.650000000000002,false,0,1,221533,177127,842,true,22.6
SYN_a3_predicted_raw_N_s23_00010_00060_01,a3_ours_multi_ours_orb|predicted_raw|frozen_temporal_mismatch_low_support_iou_00010_a3_ours_multi_ours_orb_00060,23,10,60,false,indeterminate_abstention_challenge,false,predicted,true,false,false,0.0,0.2,non_unit_se2_candidate,45,0.125,,,,false,false,false,false,false,false,0,true,a75121af853a29e28071e48b29362a6f9fe21a6a9a84b7e305517be6d5639514,a75121af853a29e28071e48b29362a6f9fe21a6a9a84b7e305517be6d5639514,15124,15124,0,0.0,,,,,,,12263,252,true,8.700000000000001,,,,,,,,
SYN_a3_predicted_raw_N_s23_00010_00060_01,a3_ours_multi_ours_orb|predicted_raw|frozen_temporal_mismatch_low_support_iou_00010_a3_ours_multi_ours_orb_00060,23,10,60,false,indeterminate_abstention_challenge,false,observed_only,true,false,false,0.0,0.2,non_unit_se2_candidate,69,0.184,,,,false,false,false,false,false,false,0,true,a75121af853a29e28071e48b29362a6f9fe21a6a9a84b7e305517be6d5639514,a75121af853a29e28071e48b29362a6f9fe21a6a9a84b7e305517be6d5639514,15124,15124,0,0.0,,,,,,,12263,252,true,8.700000000000001,,,,,,,,
SYN_a3_predicted_raw_N_s23_00010_00040_02,a3_ours_multi_ours_orb|predicted_raw|frozen_temporal_mismatch_low_support_iou_00010_a3_ours_multi_ours_orb_00040,23,10,40,false,indeterminate_abstention_challenge,false,predicted,true,false,false,0.0,0.2,non_unit_se2_candidate,80,0.14571948998178508,,,,false,false,false,false,false,false,0,true,a75121af853a29e28071e48b29362a6f9fe21a6a9a84b7e305517be6d5639514,a75121af853a29e28071e48b29362a6f9fe21a6a9a84b7e305517be6d5639514,15124,15124,0,0.0,,,,,,,12263,252,true,8.700000000000001,,,,,,,,
SYN_a3_predicted_raw_N_s23_00010_00040_02,a3_ours_multi_ours_orb|predicted_raw|frozen_temporal_mismatch_low_support_iou_00010_a3_ours_multi_ours_orb_00040,23,10,40,false,indeterminate_abstention_challenge,false,observed_only,true,false,false,0.0,0.2,non_unit_se2_candidate,70,0.14644351464435146,,,,false,false,false,false,false,false,0,true,a75121af853a29e28071e48b29362a6f9fe21a6a9a84b7e305517be6d5639514,a75121af853a29e28071e48b29362a6f9fe21a6a9a84b7e305517be6d5639514,15124,15124,0,0.0,,,,,,,12263,252,true,8.700000000000001,,,,,,,,
SYN_a3_predicted_raw_N_s23_00020_00030_03,a3_ours_multi_ours_orb|predicted_raw|frozen_temporal_mismatch_low_support_iou_00020_a3_ours_multi_ours_orb_00030,23,20,30,false,indeterminate_abstention_challenge,false,predicted,true,true,false,0.14191564147627417,0.2,low_inlier_ratio,42,0.11320754716981132,,,,false,false,false,false,false,false,0,true,d4b00509638301fe3154d5558962e53f285b86114f6a64a6639fe7bf37cf0dfd,d4b00509638301fe3154d5558962e53f285b86114f6a64a6639fe7bf37cf0dfd,23981,23981,0,0.0,,,,,,,19984,439,true,24.400000000000002,,,,,,,,
SYN_a3_predicted_raw_N_s23_00020_00030_03,a3_ours_multi_ours_orb|predicted_raw|frozen_temporal_mismatch_low_support_iou_00020_a3_ours_multi_ours_orb_00030,23,20,30,false,indeterminate_abstention_challenge,false,observed_only,true,false,false,0.0,0.2,non_unit_se2_candidate,71,0.15990990990990991,,,,false,false,false,false,false,false,0,true,d4b00509638301fe3154d5558962e53f285b86114f6a64a6639fe7bf37cf0dfd,d4b00509638301fe3154d5558962e53f285b86114f6a64a6639fe7bf37cf0dfd,23981,23981,0,0.0,,,,,,,19984,439,true,24.400000000000002,,,,,,,,
SYN_a3_predicted_raw_N_s23_00010_00070_04,a3_ours_multi_ours_orb|predicted_raw|frozen_temporal_mismatch_low_support_iou_00010_a3_ours_multi_ours_orb_00070,23,10,70,false,indeterminate_abstention_challenge,false,predicted,true,false,false,0.0,0.2,non_unit_se2_candidate,44,0.12571428571428572,,,,false,false,false,false,false,false,0,true,a75121af853a29e28071e48b29362a6f9fe21a6a9a84b7e305517be6d5639514,a75121af853a29e28071e48b29362a6f9fe21a6a9a84b7e305517be6d5639514,15124,15124,0,0.0,,,,,,,12263,252,true,8.700000000000001,,,,,,,,
SYN_a3_predicted_raw_N_s23_00010_00070_04,a3_ours_multi_ours_orb|predicted_raw|frozen_temporal_mismatch_low_support_iou_00010_a3_ours_multi_ours_orb_00070,23,10,70,false,indeterminate_abstention_challenge,false,observed_only,true,false,false,0.0,0.2,non_unit_se2_candidate,41,0.16334661354581673,,,,false,false,false,false,false,false,0,true,a75121af853a29e28071e48b29362a6f9fe21a6a9a84b7e305517be6d5639514,a75121af853a29e28071e48b29362a6f9fe21a6a9a84b7e305517be6d5639514,15124,15124,0,0.0,,,,,,,12263,252,true,8.700000000000001,,,,,,,,
SYN_a3_predicted_raw_N_s23_00020_00070_05,a3_ours_multi_ours_orb|predicted_raw|frozen_temporal_mismatch_low_support_iou_00020_a3_ours_multi_ours_orb_00070,23,20,70,false,indeterminate_abstention_challenge,false,predicted,true,false,false,0.0,0.2,non_unit_se2_candidate,44,0.09713024282560706,,,,false,false,false,false,false,false,0,true,d4b00509638301fe3154d5558962e53f285b86114f6a64a6639fe7bf37cf0dfd,d4b00509638301fe3154d5558962e53f285b86114f6a64a6639fe7bf37cf0dfd,23981,23981,0,0.0,,,,,,,19984,439,true,24.400000000000002,,,,,,,,
SYN_a3_predicted_raw_N_s23_00020_00070_05,a3_ours_multi_ours_orb|predicted_raw|frozen_temporal_mismatch_low_support_iou_00020_a3_ours_multi_ours_orb_00070,23,20,70,false,indeterminate_abstention_challenge,false,observed_only,true,false,false,0.0,0.2,non_unit_se2_candidate,40,0.14814814814814814,,,,false,false,false,false,false,false,0,true,d4b00509638301fe3154d5558962e53f285b86114f6a64a6639fe7bf37cf0dfd,d4b00509638301fe3154d5558962e53f285b86114f6a64a6639fe7bf37cf0dfd,23981,23981,0,0.0,,,,,,,19984,439,true,24.400000000000002,,,,,,,,
SYN_a3_predicted_raw_N_s23_00030_00010_06,a3_ours_multi_ours_orb|predicted_raw|frozen_temporal_mismatch_low_support_iou_00030_a3_ours_multi_ours_orb_00010,23,30,10,false,indeterminate_abstention_challenge,false,predicted,true,false,false,0.0,0.2,non_unit_se2_candidate,35,0.22435897435897437,,,,false,false,false,false,false,false,0,true,3ff72abe93c1cc4512a65f7fedc5247a3222b34e51f558cf0871e96d475a3967,3ff72abe93c1cc4512a65f7fedc5247a3222b34e51f558cf0871e96d475a3967,33893,33893,0,0.0,,,,,,,28816,1565,true,25.05,,,,,,,,
SYN_a3_predicted_raw_N_s23_00030_00010_06,a3_ours_multi_ours_orb|predicted_raw|frozen_temporal_mismatch_low_support_iou_00030_a3_ours_multi_ours_orb_00010,23,30,10,false,indeterminate_abstention_challenge,false,observed_only,true,false,false,0.0,0.2,non_unit_se2_candidate,31,0.14285714285714285,,,,false,false,false,false,false,false,0,true,3ff72abe93c1cc4512a65f7fedc5247a3222b34e51f558cf0871e96d475a3967,3ff72abe93c1cc4512a65f7fedc5247a3222b34e51f558cf0871e96d475a3967,33893,33893,0,0.0,,,,,,,28816,1565,true,25.05,,,,,,,,
SYN_a3_predicted_raw_N_s23_00010_00020_07,a3_ours_multi_ours_orb|predicted_raw|frozen_temporal_mismatch_low_support_iou_00010_a3_ours_multi_ours_orb_00020,23,10,20,false,indeterminate_abstention_challenge,false,predicted,true,false,false,0.0,0.2,non_unit_se2_candidate,51,0.1069182389937107,,,,false,false,false,false,false,false,0,true,a75121af853a29e28071e48b29362a6f9fe21a6a9a84b7e305517be6d5639514,a75121af853a29e28071e48b29362a6f9fe21a6a9a84b7e305517be6d5639514,15124,15124,0,0.0,,,,,,,12263,252,true,8.700000000000001,,,,,,,,
SYN_a3_predicted_raw_N_s23_00010_00020_07,a3_ours_multi_ours_orb|predicted_raw|frozen_temporal_mismatch_low_support_iou_00010_a3_ours_multi_ours_orb_00020,23,10,20,false,indeterminate_abstention_challenge,false,observed_only,true,false,false,0.0,0.2,non_unit_se2_candidate,61,0.1466346153846154,,,,false,false,false,false,false,false,0,true,a75121af853a29e28071e48b29362a6f9fe21a6a9a84b7e305517be6d5639514,a75121af853a29e28071e48b29362a6f9fe21a6a9a84b7e305517be6d5639514,15124,15124,0,0.0,,,,,,,12263,252,true,8.700000000000001,,,,,,,,
SYN_a3_predicted_raw_N_s23_00020_00010_08,a3_ours_multi_ours_orb|predicted_raw|frozen_temporal_mismatch_low_support_iou_00020_a3_ours_multi_ours_orb_00010,23,20,10,false,indeterminate_abstention_challenge,false,predicted,true,false,false,0.0572562358276644,0.2,non_unit_se2_candidate,53,0.2398190045248869,,,,false,false,false,false,false,false,0,true,d4b00509638301fe3154d5558962e53f285b86114f6a64a6639fe7bf37cf0dfd,d4b00509638301fe3154d5558962e53f285b86114f6a64a6639fe7bf37cf0dfd,23981,23981,0,0.0,,,,,,,19984,439,true,24.400000000000002,,,,,,,,
SYN_a3_predicted_raw_N_s23_00020_00010_08,a3_ours_multi_ours_orb|predicted_raw|frozen_temporal_mismatch_low_support_iou_00020_a3_ours_multi_ours_orb_00010,23,20,10,false,indeterminate_abstention_challenge,false,observed_only,true,false,false,0.0,0.2,non_unit_se2_candidate,35,0.15217391304347827,,,,false,false,false,false,false,false,0,true,d4b00509638301fe3154d5558962e53f285b86114f6a64a6639fe7bf37cf0dfd,d4b00509638301fe3154d5558962e53f285b86114f6a64a6639fe7bf37cf0dfd,23981,23981,0,0.0,,,,,,,19984,439,true,24.400000000000002,,,,,,,,
SYN_a3_predicted_raw_N_s23_00010_00030_09,a3_ours_multi_ours_orb|predicted_raw|frozen_temporal_mismatch_low_support_iou_00010_a3_ours_multi_ours_orb_00030,23,10,30,false,indeterminate_abstention_challenge,false,predicted,true,false,false,0.0,0.2,non_unit_se2_candidate,70,0.12323943661971831,,,,false,false,false,false,false,false,0,true,a75121af853a29e28071e48b29362a6f9fe21a6a9a84b7e305517be6d5639514,a75121af853a29e28071e48b29362a6f9fe21a6a9a84b7e305517be6d5639514,15124,15124,0,0.0,,,,,,,12263,252,true,8.700000000000001,,,,,,,,
SYN_a3_predicted_raw_N_s23_00010_00030_09,a3_ours_multi_ours_orb|predicted_raw|frozen_temporal_mismatch_low_support_iou_00010_a3_ours_multi_ours_orb_00030,23,10,30,false,indeterminate_abstention_challenge,false,observed_only,true,false,false,0.0,0.2,non_unit_se2_candidate,69,0.16273584905660377,,,,false,false,false,false,false,false,0,true,a75121af853a29e28071e48b29362a6f9fe21a6a9a84b7e305517be6d5639514,a75121af853a29e28071e48b29362a6f9fe21a6a9a84b7e305517be6d5639514,15124,15124,0,0.0,,,,,,,12263,252,true,8.700000000000001,,,,,,,,
SYN_a3_predicted_raw_N_s23_00010_00060_10,a3_ours_multi_ours_orb|predicted_raw|frozen_temporal_mismatch_low_support_iou_00010_a3_ours_multi_ours_orb_00060,23,10,60,false,indeterminate_abstention_challenge,false,predicted,true,false,false,0.0,0.2,non_unit_se2_candidate,45,0.125,,,,false,false,false,false,false,false,0,true,a75121af853a29e28071e48b29362a6f9fe21a6a9a84b7e305517be6d5639514,a75121af853a29e28071e48b29362a6f9fe21a6a9a84b7e305517be6d5639514,15124,15124,0,0.0,,,,,,,12263,252,true,8.700000000000001,,,,,,,,
SYN_a3_predicted_raw_N_s23_00010_00060_10,a3_ours_multi_ours_orb|predicted_raw|frozen_temporal_mismatch_low_support_iou_00010_a3_ours_multi_ours_orb_00060,23,10,60,false,indeterminate_abstention_challenge,false,observed_only,true,false,false,0.0,0.2,non_unit_se2_candidate,69,0.184,,,,false,false,false,false,false,false,0,true,a75121af853a29e28071e48b29362a6f9fe21a6a9a84b7e305517be6d5639514,a75121af853a29e28071e48b29362a6f9fe21a6a9a84b7e305517be6d5639514,15124,15124,0,0.0,,,,,,,12263,252,true,8.700000000000001,,,,,,,,
SYN_a3_predicted_raw_P_s37_00190_01,a3_ours_multi_ours_orb|predicted_raw|sync_step_00190,37,190,190,true,known_transform_positive,false,predicted,true,true,true,0.8338859416445623,0.2,accepted,491,0.5308108108108108,0.025903496712377686,0.08666259264464315,true,true,false,false,false,false,true,38990,false,158ddd05cb0e48949cacfb42bc0d695f3b6351cb6eea0ee97d24b828b73ec07a,401f0ea2a9b2975f73d79f172cd89ab594ac1457955fdee7b0b1ebd8f6a45616,138478,177468,38990,0.28156096997356983,0.9949173935582752,0.998134497105644,902,330,0.9971908521459397,0.9641446524749936,141238,1063,true,22.6,false,0,1,176896,141416,1077,true,22.6
SYN_a3_predicted_raw_P_s37_00190_01,a3_ours_multi_ours_orb|predicted_raw|sync_step_00190,37,190,190,true,known_transform_positive,false,observed_only,true,true,true,0.9090848806366048,0.2,accepted,559,0.631638418079096,0.009898507678480845,0.07812227224926005,true,true,false,false,false,false,true,38521,false,158ddd05cb0e48949cacfb42bc0d695f3b6351cb6eea0ee97d24b828b73ec07a,f123b5f2f104901d1e84f11b1bc9b1dda217af54a439e7c0029999622602c796,138478,176999,38521,0.2781741504065628,0.9976327549873163,0.9982136396526773,419,316,0.9984822743232529,0.9821655720256484,141357,1077,true,22.6,false,0,1,176896,141416,1077,true,22.6
SYN_a3_predicted_raw_P_s37_00230_02,a3_ours_multi_ours_orb|predicted_raw|sync_step_00230,37,230,230,true,known_transform_positive,false,predicted,true,true,true,0.8413605593163911,0.2,accepted,470,0.49473684210526314,0.028357945791824535,0.015720104204064,true,true,false,false,false,false,true,32952,false,579c07843231afee7ba5c2d06f363a4272807e073d58092f52513d8b85a52389,595b04f5941d2341bdeea90fb9942b0485c9e18995ec4f17b1b41e0ec5b1b543,173167,206119,32952,0.19029029780500903,0.9950319960799344,0.9975680342420779,1024,500,0.9963334064701723,0.9461034231609614,164152,1016,true,23.75,false,16,0,205595,164447,967,true,23.650000000000002
SYN_a3_predicted_raw_P_s37_00230_02,a3_ours_multi_ours_orb|predicted_raw|sync_step_00230,37,230,230,true,known_transform_positive,false,observed_only,true,true,true,0.802186216846077,0.2,accepted,590,0.6069958847736625,0.054831571879417514,0.04253260458585828,true,true,false,false,false,false,true,33050,false,579c07843231afee7ba5c2d06f363a4272807e073d58092f52513d8b85a52389,b4a3f2ed1d231091dd0c894e04199b88725ec96339ba70b6f11c54ed2b6bf830,173167,206217,33050,0.19085622549330994,0.9926485207330142,0.9956516452248352,1516,894,0.9937176662546836,0.9152193645990923,164180,930,true,23.700000000000003,false,3,1,205595,164447,967,true,23.650000000000002
SYN_a3_predicted_raw_P_s37_00130_03,a3_ours_multi_ours_orb|predicted_raw|sync_step_00130,37,130,130,true,known_transform_positive,false,predicted,true,true,true,0.4403247209429397,0.2,accepted,455,0.4961832061068702,0.27066193626140356,0.029037793900329234,false,false,true,false,false,false,true,28805,false,aa569299549b85dcacf6c3a5f835d565fba3f40486dd9f9b7f3cb4d97d120c78,f95c62f4dae3c7eed2f1ac227242d82dd87e05544a14b6eb42d2cd8d8fc0bfb7,118766,147571,28805,0.2425357425525824,0.970685297246749,0.9859789925799479,4326,2037,0.9892910747321023,0.7965630966846033,117888,1044,true,22.8,false,0,21,145282,118351,1171,true,22.6
SYN_a3_predicted_raw_P_s37_00130_03,a3_ours_multi_ours_orb|predicted_raw|sync_step_00130,37,130,130,true,known_transform_positive,false,observed_only,true,true,true,0.6110373897431894,0.2,accepted,558,0.6319365798414496,0.13297779995537162,0.05883805505533246,true,true,false,false,false,false,true,27700,false,aa569299549b85dcacf6c3a5f835d565fba3f40486dd9f9b7f3cb4d97d120c78,b1d9b3c2995d5181780319e24636769cca88be9ed255bc0d763cbe96b854e7b3,118766,146466,27700,0.23323173298755537,0.9836890472874251,0.991705785988629,2389,1205,0.9904703734808471,0.8641877256317689,118115,1120,true,22.700000000000003,false,0,8,145282,118351,1171,true,22.6
SYN_a3_predicted_raw_P_s37_00270_04,a3_ours_multi_ours_orb|predicted_raw|sync_step_00270,37,270,270,true,known_transform_positive,false,predicted,true,true,true,0.8419585617392921,0.2,accepted,572,0.5783619817997978,0.03535969163287781,0.04982577089646156,true,true,false,false,false,false,true,28566,false,13ad52dc7fe4e8c5c65c7712b9251ee94f6d0243abd00e061cdf62d2e7133a39,a36dc85f5d465e36e6f87cfffc5c0daee8b375b03068464f7a108d724de96892,200216,228782,28566,0.14267591001718144,0.9952706069533442,0.9980538607195456,1082,444,0.9966447079490558,0.9353777217671357,181991,646,true,23.55,true,0,0,228144,182292,714,true,23.650000000000002
SYN_a3_predicted_raw_P_s37_00270_04,a3_ours_multi_ours_orb|predicted_raw|sync_step_00270,37,270,270,true,known_transform_positive,false,observed_only,true,true,true,0.7987085385115674,0.2,accepted,630,0.6122448979591837,0.043282779285981655,0.0106483218825133,true,true,false,false,false,false,true,28899,false,13ad52dc7fe4e8c5c65c7712b9251ee94f6d0243abd00e061cdf62d2e7133a39,05924dcabd62a125ab52f2e14ad339de9530c5af3e593c0a9c865a08deffd33c,200216,229115,28899,0.14433911375714228,0.9940248346900028,0.9982554877621151,1369,398,0.9957189149315465,0.9188899269870929,182199,651,true,23.6,false,11,0,228144,182292,714,true,23.650000000000002
SYN_a3_predicted_raw_P_s37_00070_05,a3_ours_multi_ours_orb|predicted_raw|sync_step_00070,37,70,70,true,known_transform_positive,false,predicted,true,true,true,0.49107367362333415,0.2,accepted,244,0.3403068340306834,0.09574802551402718,0.009641291776773642,true,true,false,false,false,false,true,34186,false,41e72840b20942abbdc998db6b4cd25fd96595686720cd825585dd6ef4005240,3e4f7e99487287ac88cec8e465c4b6d279798c78ceebe7a53d8def021fe5f014,86971,121157,34186,0.39307355325338333,0.9834099556773442,0.9895765851065597,2010,1255,0.9865040664053648,0.8941672029485754,99512,1242,true,21.450000000000003,true,0,0,120402,99607,1250,true,21.6
SYN_a3_predicted_raw_P_s37_00070_05,a3_ours_multi_ours_orb|predicted_raw|sync_step_00070,37,70,70,true,known_transform_positive,false,observed_only,true,true,true,0.6614282122202665,0.2,accepted,225,0.31077348066298344,0.044350272581239795,0.10208399294845094,true,true,false,false,false,false,true,33611,false,41e72840b20942abbdc998db6b4cd25fd96595686720cd825585dd6ef4005240,0b103df2af0799e1d77e63530bb3f677b0a689c55e9a5a5f59fc772d655b2e5d,86971,120582,33611,0.3864621540513504,0.9920054402813023,0.993488480257803,964,784,0.9942734371081275,0.9509386807890274,99630,1247,true,21.650000000000002,false,0,1,120402,99607,1250,true,21.6
SYN_a3_predicted_raw_P_s37_00040_06,a3_ours_multi_ours_orb|predicted_raw|sync_step_00040,37,40,40,true,known_transform_positive,false,predicted,true,true,false,0.28504148912312177,0.2,low_inlier_ratio,92,0.1464968152866242,0.21306827467841438,0.04385812463118555,true,false,false,true,false,false,false,0,true,f586da8d20f8a4f42eacde27ebef0b9279038477a8ae1cecffebfcd15f71a19e,f586da8d20f8a4f42eacde27ebef0b9279038477a8ae1cecffebfcd15f71a19e,59598,59598,0,0.0,1.0,0.6143680352964219,0,37409,1.0,,51500,1632,true,13.950000000000001,false,4,0,97007,80980,1563,true,14.700000000000001
SYN_a3_predicted_raw_P_s37_00040_06,a3_ours_multi_ours_orb|predicted_raw|sync_step_00040,37,40,40,true,known_transform_positive,false,observed_only,true,true,false,0.30275846602377215,0.2,low_inlier_ratio,65,0.11484098939929328,0.09971700144060408,0.45802340653793294,true,false,false,true,false,false,false,0,true,f586da8d20f8a4f42eacde27ebef0b9279038477a8ae1cecffebfcd15f71a19e,f586da8d20f8a4f42eacde27ebef0b9279038477a8ae1cecffebfcd15f71a19e,59598,59598,0,0.0,1.0,0.6143680352964219,0,37409,1.0,,51500,1632,true,13.950000000000001,false,4,0,97007,80980,1563,true,14.700000000000001
SYN_a3_predicted_raw_P_s37_00340_07,a3_ours_multi_ours_orb|predicted_raw|sync_step_00340,37,340,340,true,known_transform_positive,false,predicted,true,true,true,0.8550634871477237,0.2,accepted,581,0.6167728237791932,0.03106452653529799,0.04304708486759523,true,true,false,false,false,false,true,19330,false,ecd1406e532b42f9b1702cb8ca60dafc17f40a53cbe9a1cf6b9fab2473cce284,4ff5e0c3468e4beed7f94d3cccd4454bc53f5527bc79666ff6e83a33d3c8a222,206247,225577,19330,0.09372257535867189,0.9969057129051277,0.9980516425673936,698,439,0.9980389453884089,0.9410760475944129,180198,811,true,22.6,true,0,0,225318,180342,811,true,22.6
SYN_a3_predicted_raw_P_s37_00340_07,a3_ours_multi_ours_orb|predicted_raw|sync_step_00340,37,340,340,true,known_transform_positive,false,observed_only,true,true,true,0.8477193292925718,0.2,accepted,564,0.6394557823129252,0.02592935819723971,0.025630220998465347,true,true,false,false,false,false,true,19449,false,ecd1406e532b42f9b1702cb8ca60dafc17f40a53cbe9a1cf6b9fab2473cce284,88f43d306a59ad8a923623115044936010dee20760457eb44646d9943e004010,206247,225696,19449,0.09429955344805015,0.996366794271941,0.9980383280519088,820,442,0.9981100695494406,0.9359864260373284,180089,818,true,22.6,false,0,1,225318,180342,811,true,22.6
SYN_a3_predicted_raw_P_s37_00160_08,a3_ours_multi_ours_orb|predicted_raw|sync_step_00160,37,160,160,true,known_transform_positive,false,predicted,true,true,true,0.7410134888807874,0.2,accepted,440,0.5633802816901409,0.07188469556423918,0.1435078670431551,true,true,false,false,false,false,true,19523,false,9557b2965d697e2bf87c0124b632b4c088c011b22648ebc87089d091af2e7ea4,23eb7a745c8df61390460cc1d299d3eb55356c992c73508d03a06a13af90e57f,130831,150354,19523,0.14922304346829116,0.9879816965295236,0.9945767523450525,1807,810,0.9936989639642672,0.8594990523997337,120749,1084,true,22.6,true,0,0,149357,120592,1138,true,22.6
SYN_a3_predicted_raw_P_s37_00160_08,a3_ours_multi_ours_orb|predicted_raw|sync_step_00160,37,160,160,true,known_transform_positive,false,observed_only,true,true,true,0.8044476850164054,0.2,accepted,534,0.6088939566704675,0.032525257770340495,0.0598876026197388,true,true,false,false,false,false,true,19103,false,9557b2965d697e2bf87c0124b632b4c088c011b22648ebc87089d091af2e7ea4,a1743a4d9724573552cd070fe93f6734218099d8985ef98f60b3babdfe2775f3,130831,149934,19103,0.14601279513265206,0.9935038083423373,0.9973419391123282,974,397,0.9977175080558539,0.9312149924095692,120590,1110,true,22.650000000000002,false,0,2,149357,120592,1138,true,22.6
SYN_a3_predicted_raw_P_s37_00200_09,a3_ours_multi_ours_orb|predicted_raw|sync_step_00200,37,200,200,true,known_transform_positive,false,predicted,true,true,true,0.7342244938077452,0.2,accepted,644,0.6001863932898416,0.05648876783795009,0.08577936553894006,true,true,false,false,false,false,true,42277,false,27889356039471dee7b4f6111984556f73a9f4427b8c48a7b020c3f8bdfedc57,b493d4b0d9e7728e64c0a1a9e945c99a823fc884f144274030134404a13c4434,139118,181395,42277,0.3038930979456289,0.9901099809807327,0.9973899184210673,1794,470,0.9927060539752006,0.9265794640111644,143714,991,true,22.6,false,0,1,180071,143819,1040,true,22.6
SYN_a3_predicted_raw_P_s37_00200_09,a3_ours_multi_ours_orb|predicted_raw|sync_step_00200,37,200,200,true,known_transform_positive,false,observed_only,true,true,true,0.8652775047506717,0.2,accepted,601,0.5974155069582505,0.02584943798139933,0.09587108845900616,true,true,false,false,false,false,true,41441,false,27889356039471dee7b4f6111984556f73a9f4427b8c48a7b020c3f8bdfedc57,6ccab5d2bd91a628419761a2c631a0e5bb62a4cce91e5f6b448698ac31eaf48c,139118,180559,41441,0.2978838108655961,0.9940961126280052,0.9967901549944189,1066,578,0.9952811530254662,0.953837986535074,143525,1050,true,22.6,false,0,2,180071,143819,1040,true,22.6
SYN_a3_predicted_raw_P_s37_00050_10,a3_ours_multi_ours_orb|predicted_raw|sync_step_00050,37,50,50,true,known_transform_positive,false,predicted,true,true,true,0.5942294863242161,0.2,accepted,191,0.27403156384505023,0.02671924567209708,0.1288823569844908,true,true,false,false,false,false,true,48050,false,244281a00aeaf00bbaea07b7730fd7ab3878d3db056ea8f9fe035339512bb794,1d3c2de7169eaf0a7c4d9c56c6d7be855ebbddabf9e9188995bbb41edfac3236,68100,116150,48050,0.7055800293685757,0.9941541110632802,0.9949336113528464,679,588,0.9941283958742888,0.9717585848074922,96695,1397,true,18.25,false,0,2,116059,96902,1367,true,18.2
SYN_a3_predicted_raw_P_s37_00050_10,a3_ours_multi_ours_orb|predicted_raw|sync_step_00050,37,50,50,true,known_transform_positive,false,observed_only,true,true,false,0.6007338225483656,0.2,low_inlier_ratio,105,0.18650088809946713,0.02371324662893334,0.005386413087222763,true,false,false,true,false,false,false,0,true,244281a00aeaf00bbaea07b7730fd7ab3878d3db056ea8f9fe035339512bb794,244281a00aeaf00bbaea07b7730fd7ab3878d3db056ea8f9fe035339512bb794,68100,68100,0,0.0,1.0,0.5867705218897284,0,47959,1.0,,57346,1382,true,14.700000000000001,true,0,0,116059,96902,1367,true,18.2
SYN_a3_predicted_raw_N_s37_00020_00030_01,a3_ours_multi_ours_orb|predicted_raw|frozen_temporal_mismatch_low_support_iou_00020_a3_ours_multi_ours_orb_00030,37,20,30,false,indeterminate_abstention_challenge,false,predicted,true,true,false,0.14191564147627417,0.2,low_inlier_ratio,42,0.11320754716981132,,,,false,false,false,false,false,false,0,true,d4b00509638301fe3154d5558962e53f285b86114f6a64a6639fe7bf37cf0dfd,d4b00509638301fe3154d5558962e53f285b86114f6a64a6639fe7bf37cf0dfd,23981,23981,0,0.0,,,,,,,19984,439,true,24.400000000000002,,,,,,,,
SYN_a3_predicted_raw_N_s37_00020_00030_01,a3_ours_multi_ours_orb|predicted_raw|frozen_temporal_mismatch_low_support_iou_00020_a3_ours_multi_ours_orb_00030,37,20,30,false,indeterminate_abstention_challenge,false,observed_only,true,false,false,0.0,0.2,non_unit_se2_candidate,71,0.15990990990990991,,,,false,false,false,false,false,false,0,true,d4b00509638301fe3154d5558962e53f285b86114f6a64a6639fe7bf37cf0dfd,d4b00509638301fe3154d5558962e53f285b86114f6a64a6639fe7bf37cf0dfd,23981,23981,0,0.0,,,,,,,19984,439,true,24.400000000000002,,,,,,,,
SYN_a3_predicted_raw_N_s37_00020_00010_02,a3_ours_multi_ours_orb|predicted_raw|frozen_temporal_mismatch_low_support_iou_00020_a3_ours_multi_ours_orb_00010,37,20,10,false,indeterminate_abstention_challenge,false,predicted,true,false,false,0.0572562358276644,0.2,non_unit_se2_candidate,53,0.2398190045248869,,,,false,false,false,false,false,false,0,true,d4b00509638301fe3154d5558962e53f285b86114f6a64a6639fe7bf37cf0dfd,d4b00509638301fe3154d5558962e53f285b86114f6a64a6639fe7bf37cf0dfd,23981,23981,0,0.0,,,,,,,19984,439,true,24.400000000000002,,,,,,,,
SYN_a3_predicted_raw_N_s37_00020_00010_02,a3_ours_multi_ours_orb|predicted_raw|frozen_temporal_mismatch_low_support_iou_00020_a3_ours_multi_ours_orb_00010,37,20,10,false,indeterminate_abstention_challenge,false,observed_only,true,false,false,0.0,0.2,non_unit_se2_candidate,35,0.15217391304347827,,,,false,false,false,false,false,false,0,true,d4b00509638301fe3154d5558962e53f285b86114f6a64a6639fe7bf37cf0dfd,d4b00509638301fe3154d5558962e53f285b86114f6a64a6639fe7bf37cf0dfd,23981,23981,0,0.0,,,,,,,19984,439,true,24.400000000000002,,,,,,,,
SYN_a3_predicted_raw_N_s37_00010_00060_03,a3_ours_multi_ours_orb|predicted_raw|frozen_temporal_mismatch_low_support_iou_00010_a3_ours_multi_ours_orb_00060,37,10,60,false,indeterminate_abstention_challenge,false,predicted,true,false,false,0.0,0.2,non_unit_se2_candidate,45,0.125,,,,false,false,false,false,false,false,0,true,a75121af853a29e28071e48b29362a6f9fe21a6a9a84b7e305517be6d5639514,a75121af853a29e28071e48b29362a6f9fe21a6a9a84b7e305517be6d5639514,15124,15124,0,0.0,,,,,,,12263,252,true,8.700000000000001,,,,,,,,
SYN_a3_predicted_raw_N_s37_00010_00060_03,a3_ours_multi_ours_orb|predicted_raw|frozen_temporal_mismatch_low_support_iou_00010_a3_ours_multi_ours_orb_00060,37,10,60,false,indeterminate_abstention_challenge,false,observed_only,true,false,false,0.0,0.2,non_unit_se2_candidate,69,0.184,,,,false,false,false,false,false,false,0,true,a75121af853a29e28071e48b29362a6f9fe21a6a9a84b7e305517be6d5639514,a75121af853a29e28071e48b29362a6f9fe21a6a9a84b7e305517be6d5639514,15124,15124,0,0.0,,,,,,,12263,252,true,8.700000000000001,,,,,,,,
SYN_a3_predicted_raw_N_s37_00010_00020_04,a3_ours_multi_ours_orb|predicted_raw|frozen_temporal_mismatch_low_support_iou_00010_a3_ours_multi_ours_orb_00020,37,10,20,false,indeterminate_abstention_challenge,false,predicted,true,false,false,0.0,0.2,non_unit_se2_candidate,51,0.1069182389937107,,,,false,false,false,false,false,false,0,true,a75121af853a29e28071e48b29362a6f9fe21a6a9a84b7e305517be6d5639514,a75121af853a29e28071e48b29362a6f9fe21a6a9a84b7e305517be6d5639514,15124,15124,0,0.0,,,,,,,12263,252,true,8.700000000000001,,,,,,,,
SYN_a3_predicted_raw_N_s37_00010_00020_04,a3_ours_multi_ours_orb|predicted_raw|frozen_temporal_mismatch_low_support_iou_00010_a3_ours_multi_ours_orb_00020,37,10,20,false,indeterminate_abstention_challenge,false,observed_only,true,false,false,0.0,0.2,non_unit_se2_candidate,61,0.1466346153846154,,,,false,false,false,false,false,false,0,true,a75121af853a29e28071e48b29362a6f9fe21a6a9a84b7e305517be6d5639514,a75121af853a29e28071e48b29362a6f9fe21a6a9a84b7e305517be6d5639514,15124,15124,0,0.0,,,,,,,12263,252,true,8.700000000000001,,,,,,,,
SYN_a3_predicted_raw_N_s37_00010_00040_05,a3_ours_multi_ours_orb|predicted_raw|frozen_temporal_mismatch_low_support_iou_00010_a3_ours_multi_ours_orb_00040,37,10,40,false,indeterminate_abstention_challenge,false,predicted,true,false,false,0.0,0.2,non_unit_se2_candidate,80,0.14571948998178508,,,,false,false,false,false,false,false,0,true,a75121af853a29e28071e48b29362a6f9fe21a6a9a84b7e305517be6d5639514,a75121af853a29e28071e48b29362a6f9fe21a6a9a84b7e305517be6d5639514,15124,15124,0,0.0,,,,,,,12263,252,true,8.700000000000001,,,,,,,,
SYN_a3_predicted_raw_N_s37_00010_00040_05,a3_ours_multi_ours_orb|predicted_raw|frozen_temporal_mismatch_low_support_iou_00010_a3_ours_multi_ours_orb_00040,37,10,40,false,indeterminate_abstention_challenge,false,observed_only,true,false,false,0.0,0.2,non_unit_se2_candidate,70,0.14644351464435146,,,,false,false,false,false,false,false,0,true,a75121af853a29e28071e48b29362a6f9fe21a6a9a84b7e305517be6d5639514,a75121af853a29e28071e48b29362a6f9fe21a6a9a84b7e305517be6d5639514,15124,15124,0,0.0,,,,,,,12263,252,true,8.700000000000001,,,,,,,,
SYN_a3_predicted_raw_N_s37_00010_00070_06,a3_ours_multi_ours_orb|predicted_raw|frozen_temporal_mismatch_low_support_iou_00010_a3_ours_multi_ours_orb_00070,37,10,70,false,indeterminate_abstention_challenge,false,predicted,true,false,false,0.0,0.2,non_unit_se2_candidate,44,0.12571428571428572,,,,false,false,false,false,false,false,0,true,a75121af853a29e28071e48b29362a6f9fe21a6a9a84b7e305517be6d5639514,a75121af853a29e28071e48b29362a6f9fe21a6a9a84b7e305517be6d5639514,15124,15124,0,0.0,,,,,,,12263,252,true,8.700000000000001,,,,,,,,
SYN_a3_predicted_raw_N_s37_00010_00070_06,a3_ours_multi_ours_orb|predicted_raw|frozen_temporal_mismatch_low_support_iou_00010_a3_ours_multi_ours_orb_00070,37,10,70,false,indeterminate_abstention_challenge,false,observed_only,true,false,false,0.0,0.2,non_unit_se2_candidate,41,0.16334661354581673,,,,false,false,false,false,false,false,0,true,a75121af853a29e28071e48b29362a6f9fe21a6a9a84b7e305517be6d5639514,a75121af853a29e28071e48b29362a6f9fe21a6a9a84b7e305517be6d5639514,15124,15124,0,0.0,,,,,,,12263,252,true,8.700000000000001,,,,,,,,
SYN_a3_predicted_raw_N_s37_00030_00010_07,a3_ours_multi_ours_orb|predicted_raw|frozen_temporal_mismatch_low_support_iou_00030_a3_ours_multi_ours_orb_00010,37,30,10,false,indeterminate_abstention_challenge,false,predicted,true,false,false,0.0,0.2,non_unit_se2_candidate,35,0.22435897435897437,,,,false,false,false,false,false,false,0,true,3ff72abe93c1cc4512a65f7fedc5247a3222b34e51f558cf0871e96d475a3967,3ff72abe93c1cc4512a65f7fedc5247a3222b34e51f558cf0871e96d475a3967,33893,33893,0,0.0,,,,,,,28816,1565,true,25.05,,,,,,,,
SYN_a3_predicted_raw_N_s37_00030_00010_07,a3_ours_multi_ours_orb|predicted_raw|frozen_temporal_mismatch_low_support_iou_00030_a3_ours_multi_ours_orb_00010,37,30,10,false,indeterminate_abstention_challenge,false,observed_only,true,false,false,0.0,0.2,non_unit_se2_candidate,31,0.14285714285714285,,,,false,false,false,false,false,false,0,true,3ff72abe93c1cc4512a65f7fedc5247a3222b34e51f558cf0871e96d475a3967,3ff72abe93c1cc4512a65f7fedc5247a3222b34e51f558cf0871e96d475a3967,33893,33893,0,0.0,,,,,,,28816,1565,true,25.05,,,,,,,,
SYN_a3_predicted_raw_N_s37_00010_00030_08,a3_ours_multi_ours_orb|predicted_raw|frozen_temporal_mismatch_low_support_iou_00010_a3_ours_multi_ours_orb_00030,37,10,30,false,indeterminate_abstention_challenge,false,predicted,true,false,false,0.0,0.2,non_unit_se2_candidate,70,0.12323943661971831,,,,false,false,false,false,false,false,0,true,a75121af853a29e28071e48b29362a6f9fe21a6a9a84b7e305517be6d5639514,a75121af853a29e28071e48b29362a6f9fe21a6a9a84b7e305517be6d5639514,15124,15124,0,0.0,,,,,,,12263,252,true,8.700000000000001,,,,,,,,
SYN_a3_predicted_raw_N_s37_00010_00030_08,a3_ours_multi_ours_orb|predicted_raw|frozen_temporal_mismatch_low_support_iou_00010_a3_ours_multi_ours_orb_00030,37,10,30,false,indeterminate_abstention_challenge,false,observed_only,true,false,false,0.0,0.2,non_unit_se2_candidate,69,0.16273584905660377,,,,false,false,false,false,false,false,0,true,a75121af853a29e28071e48b29362a6f9fe21a6a9a84b7e305517be6d5639514,a75121af853a29e28071e48b29362a6f9fe21a6a9a84b7e305517be6d5639514,15124,15124,0,0.0,,,,,,,12263,252,true,8.700000000000001,,,,,,,,
SYN_a3_predicted_raw_N_s37_00020_00070_09,a3_ours_multi_ours_orb|predicted_raw|frozen_temporal_mismatch_low_support_iou_00020_a3_ours_multi_ours_orb_00070,37,20,70,false,indeterminate_abstention_challenge,false,predicted,true,false,false,0.0,0.2,non_unit_se2_candidate,44,0.09713024282560706,,,,false,false,false,false,false,false,0,true,d4b00509638301fe3154d5558962e53f285b86114f6a64a6639fe7bf37cf0dfd,d4b00509638301fe3154d5558962e53f285b86114f6a64a6639fe7bf37cf0dfd,23981,23981,0,0.0,,,,,,,19984,439,true,24.400000000000002,,,,,,,,
SYN_a3_predicted_raw_N_s37_00020_00070_09,a3_ours_multi_ours_orb|predicted_raw|frozen_temporal_mismatch_low_support_iou_00020_a3_ours_multi_ours_orb_00070,37,20,70,false,indeterminate_abstention_challenge,false,observed_only,true,false,false,0.0,0.2,non_unit_se2_candidate,40,0.14814814814814814,,,,false,false,false,false,false,false,0,true,d4b00509638301fe3154d5558962e53f285b86114f6a64a6639fe7bf37cf0dfd,d4b00509638301fe3154d5558962e53f285b86114f6a64a6639fe7bf37cf0dfd,23981,23981,0,0.0,,,,,,,19984,439,true,24.400000000000002,,,,,,,,
SYN_a3_predicted_raw_N_s37_00020_00030_10,a3_ours_multi_ours_orb|predicted_raw|frozen_temporal_mismatch_low_support_iou_00020_a3_ours_multi_ours_orb_00030,37,20,30,false,indeterminate_abstention_challenge,false,predicted,true,true,false,0.14191564147627417,0.2,low_inlier_ratio,42,0.11320754716981132,,,,false,false,false,false,false,false,0,true,d4b00509638301fe3154d5558962e53f285b86114f6a64a6639fe7bf37cf0dfd,d4b00509638301fe3154d5558962e53f285b86114f6a64a6639fe7bf37cf0dfd,23981,23981,0,0.0,,,,,,,19984,439,true,24.400000000000002,,,,,,,,
SYN_a3_predicted_raw_N_s37_00020_00030_10,a3_ours_multi_ours_orb|predicted_raw|frozen_temporal_mismatch_low_support_iou_00020_a3_ours_multi_ours_orb_00030,37,20,30,false,indeterminate_abstention_challenge,false,observed_only,true,false,false,0.0,0.2,non_unit_se2_candidate,71,0.15990990990990991,,,,false,false,false,false,false,false,0,true,d4b00509638301fe3154d5558962e53f285b86114f6a64a6639fe7bf37cf0dfd,d4b00509638301fe3154d5558962e53f285b86114f6a64a6639fe7bf37cf0dfd,23981,23981,0,0.0,,,,,,,19984,439,true,24.400000000000002,,,,,,,,
SYN_a3_predicted_raw_P_s53_00310_01,a3_ours_multi_ours_orb|predicted_raw|sync_step_00310,53,310,310,true,known_transform_positive,false,predicted,true,true,true,0.7820593809222994,0.2,accepted,432,0.4976958525345622,0.03910057557008433,0.022925795893343093,true,true,false,false,false,false,true,27947,false,aada63badbf933de13f1ec5c3beb181afd8f2499be084ec83659ab065e52fb14,f536beb2d89c3aee00b79d171e682abf204c26e2c9219bc7d79030ecd17feee5,202933,230880,27947,0.1377154036061163,0.995504158004158,0.9977253587769028,1038,524,0.9972372325336536,0.9401366873009626,183740,659,true,22.650000000000002,false,0,2,230366,183904,679,true,22.6
SYN_a3_predicted_raw_P_s53_00310_01,a3_ours_multi_ours_orb|predicted_raw|sync_step_00310,53,310,310,true,known_transform_positive,false,observed_only,true,true,true,0.8076437144662034,0.2,accepted,435,0.5870445344129555,0.039593347073602486,0.017188227143861923,true,true,false,false,false,false,true,27674,false,aada63badbf933de13f1ec5c3beb181afd8f2499be084ec83659ab065e52fb14,ebd56ad8bd2bd97ce883e3ee8d7be6e38123c0833cb9de1bfb0473afbae6451d,202933,230607,27674,0.1363701320140145,0.9962620388799993,0.997304289695528,862,621,0.996739863761997,0.9417865144178651,183614,632,true,22.6,true,0,0,230366,183904,679,true,22.6
SYN_a3_predicted_raw_P_s53_00140_02,a3_ours_multi_ours_orb|predicted_raw|sync_step_00140,53,140,140,true,known_transform_positive,false,predicted,true,true,true,0.797517758176567,0.2,accepted,663,0.6519174041297935,0.03687645710688959,0.1537891286619697,true,true,false,false,false,false,true,27747,false,aa569299549b85dcacf6c3a5f835d565fba3f40486dd9f9b7f3cb4d97d120c78,7cc8af3632066d589aa1a831a45c6ebf0a0e4d2dc88854e4ee1cde6f24f27f72,118766,146513,27747,0.23362746914099994,0.9921781684901682,0.9977761152027236,1146,324,0.9964916384048649,0.9403178722024003,118675,1096,true,22.650000000000002,false,0,2,145691,118653,1107,true,22.6
SYN_a3_predicted_raw_P_s53_00140_02,a3_ours_multi_ours_orb|predicted_raw|sync_step_00140,53,140,140,true,known_transform_positive,false,observed_only,true,true,true,0.6819139801732885,0.2,accepted,678,0.641438032166509,0.0782750172984651,0.036920224860352846,true,true,false,false,false,false,true,28261,false,aa569299549b85dcacf6c3a5f835d565fba3f40486dd9f9b7f3cb4d97d120c78,fecdb5806e7567867c5b9bea79968473d1a9ce03db77c86bbefa1f05ee7aa88b,118766,147027,28261,0.23795530707441523,0.985519666455821,0.9945569733202463,2129,793,0.9933470441275932,0.8905558897420474,118354,1073,true,22.700000000000003,false,0,8,145691,118653,1107,true,22.6
SYN_a3_predicted_raw_P_s53_00240_03,a3_ours_multi_ours_orb|predicted_raw|sync_step_00240,53,240,240,true,known_transform_positive,false,predicted,true,true,true,0.8487231922814745,0.2,accepted,378,0.46551724137931033,0.020343255215410624,0.020715336786878424,true,true,false,false,false,false,true,28418,false,d598e57c0a95870eacbb6eaaec97f8ab5616c186293c47cc148a9c0c1ebe9da1,3eb6d979cc1bb59e8efd4e6fa205f83df0c6d7a8da4f36ecbdfbd00a42565a35,178526,206944,28418,0.1591812957216316,0.9978158342353487,0.9976037258198542,452,496,0.9982323770412413,0.971250615806883,165112,1044,true,24.25,false,25,7,206988,165002,1048,true,24.25
SYN_a3_predicted_raw_P_s53_00240_03,a3_ours_multi_ours_orb|predicted_raw|sync_step_00240,53,240,240,true,known_transform_positive,false,observed_only,true,true,true,0.7576424938388129,0.2,accepted,502,0.6251556662515566,0.0436841425409579,0.001361932142998512,true,true,false,false,false,false,true,28985,false,d598e57c0a95870eacbb6eaaec97f8ab5616c186293c47cc148a9c0c1ebe9da1,1648ea9783e0699076395e8c7f45e8439896b422ee618115e6b4a7d9fdab2572,178526,207511,28985,0.16235730369806078,0.9939328517524372,0.9964442383133322,1259,736,0.9958351919011694,0.9269277212351216,164837,1059,true,24.25,false,45,31,206988,165002,1048,true,24.25
SYN_a3_predicted_raw_P_s53_00390_04,a3_ours_multi_ours_orb|predicted_raw|sync_step_00390,53,390,390,true,known_transform_positive,false,predicted,true,true,true,0.8565861262665627,0.2,accepted,822,0.6925021061499579,0.02615742366463653,0.008493323191657964,true,true,false,false,false,false,true,20706,false,a7a9633fe1a857fbd6fa2ee28f774f85c0d4a4048d3e12f5145e69e231f10c88,1e32163d796f4df87deee7c07f74ccf34792876c8d35a84694b5384f8cb82745,210929,231635,20706,0.09816573349326077,0.9958037429576705,0.9989346452498603,972,246,0.9981271378591278,0.9321935670820052,184146,566,true,22.6,true,0,0,230909,184399,582,true,22.6
SYN_a3_predicted_raw_P_s53_00390_04,a3_ours_multi_ours_orb|predicted_raw|sync_step_00390,53,390,390,true,known_transform_positive,false,observed_only,true,true,true,0.896639819866632,0.2,accepted,854,0.7152428810720268,0.0190650745674427,0.017080680712183494,true,true,false,false,false,false,true,20404,false,a7a9633fe1a857fbd6fa2ee28f774f85c0d4a4048d3e12f5145e69e231f10c88,ee49c3888e1106eb555c163e4d1085a33ca015cf6d3217002c806795c04fe24b,210929,231333,20404,0.09673397209487553,0.9973890452291718,0.9992204721340442,604,180,0.9992068617295615,0.9614291315428347,184292,563,true,22.6,true,0,0,230909,184399,582,true,22.6
SYN_a3_predicted_raw_P_s53_00290_05,a3_ours_multi_ours_orb|predicted_raw|sync_step_00290,53,290,290,true,known_transform_positive,false,predicted,true,true,true,0.8138956606533398,0.2,accepted,457,0.5566382460414129,0.04352208134115321,0.04480160823086976,true,true,false,false,false,false,true,9783,false,2fd430daf733a6fae7c07bdd24ee585e24bff513fa1c03c6e1a66b42a9d20e8a,d7ce7da1dd8c12a9ac7c086ab270be0ee23458479f0c18890ab87db3d0c22752,202725,212508,9783,0.04825749167591565,0.9960095619929603,0.9967130976935176,848,698,0.9979637153926108,0.8692630072574875,169629,1036,true,22.6,true,0,0,212358,169683,1009,true,22.6
SYN_a3_predicted_raw_P_s53_00290_05,a3_ours_multi_ours_orb|predicted_raw|sync_step_00290,53,290,290,true,known_transform_positive,false,observed_only,true,true,true,0.8236299697176908,0.2,accepted,495,0.6156716417910447,0.04490919673004479,0.016936104035750077,true,true,false,false,false,false,true,9712,false,2fd430daf733a6fae7c07bdd24ee585e24bff513fa1c03c6e1a66b42a9d20e8a,0bdd15e7988c61e75fb74aebcb76d9ee3c523274cb811ee63567d0e65c918ecc,202725,212437,9712,0.04790726353434455,0.996813172846538,0.9971840006027557,677,598,0.9982952398942199,0.8931219110378913,169634,1025,true,22.6,true,0,0,212358,169683,1009,true,22.6
SYN_a3_predicted_raw_P_s53_00080_06,a3_ours_multi_ours_orb|predicted_raw|sync_step_00080,53,80,80,true,known_transform_positive,false,predicted,true,true,true,0.4681692842584822,0.2,accepted,264,0.3469119579500657,0.1064099698605182,0.24315633744629395,true,true,false,false,false,false,true,44118,false,18d1620bf5849ad2a66bc2e3070f6827481b26fe30fdab28da257e75ee0410c2,0684e1a0c3961e079c9b2be8505a3cf50cc442a59095934000432b6db5de19b5,89174,133292,44118,0.4947406194630722,0.9787008972781562,0.9851308694929846,2839,1969,0.9798548136110323,0.8760823246747359,108019,1449,true,22.35,false,0,1,132422,108523,1422,true,22.55
SYN_a3_predicted_raw_P_s53_00080_06,a3_ours_multi_ours_orb|predicted_raw|sync_step_00080,53,80,80,true,known_transform_positive,false,observed_only,true,true,true,0.6518403069176357,0.2,accepted,271,0.38936781609195403,0.04631601302840618,0.07038698229584384,true,true,false,false,false,false,true,43578,false,18d1620bf5849ad2a66bc2e3070f6827481b26fe30fdab28da257e75ee0410c2,ef6ccae67d668cf475d8335263dc3b066103c6b192261b8e81fc505bc2133e58,89174,132752,43578,0.4886850427254581,0.9904558876702423,0.9929241364727915,1267,937,0.9921283796630794,0.9471751801367663,108256,1431,true,22.5,false,0,1,132422,108523,1422,true,22.55
SYN_a3_predicted_raw_P_s53_00130_07,a3_ours_multi_ours_orb|predicted_raw|sync_step_00130,53,130,130,true,known_transform_positive,false,predicted,true,true,true,0.6838654281476856,0.2,accepted,547,0.5926327193932828,0.08635642181654768,0.09544263616416515,true,true,false,false,false,false,true,27335,false,aa569299549b85dcacf6c3a5f835d565fba3f40486dd9f9b7f3cb4d97d120c78,21d71c22d518201953913eeaaf70776e031ffc839a1967ae2a389dec188a0d2b,118766,146101,27335,0.230158462859741,0.9885421728804047,0.9936019593139649,1674,930,0.9933045760141802,0.9033839400036583,118220,1143,true,22.75,false,0,7,145357,118287,1152,true,22.6
SYN_a3_predicted_raw_P_s53_00130_07,a3_ours_multi_ours_orb|predicted_raw|sync_step_00130,53,130,130,true,known_transform_positive,false,observed_only,true,true,true,0.834673327609086,0.2,accepted,533,0.6241217798594848,0.020613109369422185,0.10951010252853166,true,true,false,false,false,false,true,26715,false,aa569299549b85dcacf6c3a5f835d565fba3f40486dd9f9b7f3cb4d97d120c78,49fd3094581f8edc49aeffbdf267b81ee9c92a878b694c29151d54da162b0677,118766,145481,26715,0.2249381136015358,0.9957795176002364,0.99662898931596,614,490,0.9978670090496801,0.9654501216545012,118237,1138,true,22.650000000000002,false,0,3,145357,118287,1152,true,22.6
SYN_a3_predicted_raw_P_s53_00040_08,a3_ours_multi_ours_orb|predicted_raw|sync_step_00040,53,40,40,true,known_transform_positive,false,predicted,true,false,false,0.0,0.2,non_unit_se2_candidate,101,0.18703703703703703,,,,false,false,true,false,false,false,0,true,f586da8d20f8a4f42eacde27ebef0b9279038477a8ae1cecffebfcd15f71a19e,f586da8d20f8a4f42eacde27ebef0b9279038477a8ae1cecffebfcd15f71a19e,59598,59598,0,0.0,1.0,0.6120965008678505,0,37769,1.0,,51500,1632,true,13.950000000000001,true,0,0,97367,81214,1494,true,14.65
SYN_a3_predicted_raw_P_s53_00040_08,a3_ours_multi_ours_orb|predicted_raw|sync_step_00040,53,40,40,true,known_transform_positive,false,observed_only,true,false,false,0.0,0.2,non_unit_se2_candidate,85,0.1644100580270793,,,,false,false,true,false,false,false,0,true,f586da8d20f8a4f42eacde27ebef0b9279038477a8ae1cecffebfcd15f71a19e,f586da8d20f8a4f42eacde27ebef0b9279038477a8ae1cecffebfcd15f71a19e,59598,59598,0,0.0,1.0,0.6120965008678505,0,37769,1.0,,51500,1632,true,13.950000000000001,true,0,0,97367,81214,1494,true,14.65
SYN_a3_predicted_raw_P_s53_00090_09,a3_ours_multi_ours_orb|predicted_raw|sync_step_00090,53,90,90,true,known_transform_positive,false,predicted,true,true,true,0.7771500925294633,0.2,accepted,252,0.35694050991501414,0.0458801096597227,0.08911200594914703,true,true,false,false,false,false,true,40963,false,e296299ac89a09536adb49b87a431e22e83795e8288fb27db7fab4e9ff6c8b64,2af7af13866e6a98f39352da5a6561916a85646155641a5b84bc71bb52f66f1d,102582,143545,40963,0.3993195687352557,0.9929569124664739,0.9935106123444742,1011,931,0.9927596222655647,0.9501257232136319,116989,1392,true,22.6,true,0,0,143465,117259,1334,true,22.6
SYN_a3_predicted_raw_P_s53_00090_09,a3_ours_multi_ours_orb|predicted_raw|sync_step_00090,53,90,90,true,known_transform_positive,false,observed_only,true,true,true,0.819324047920522,0.2,accepted,307,0.42054794520547945,0.0239613415424751,0.03575108591471121,true,true,false,false,false,false,true,40849,false,e296299ac89a09536adb49b87a431e22e83795e8288fb27db7fab4e9ff6c8b64,3ec96336c5bb150db8677e757300d6a6e7990794085490d411cb53533dc151a0,102582,143431,40849,0.39820826265816617,0.9967022470735057,0.9964660370125118,473,507,0.9965444396256243,0.976327449876374,117077,1347,true,22.6,true,0,0,143465,117259,1334,true,22.6
SYN_a3_predicted_raw_P_s53_00210_10,a3_ours_multi_ours_orb|predicted_raw|sync_step_00210,53,210,210,true,known_transform_positive,false,predicted,true,true,true,0.660445317616241,0.2,accepted,464,0.5327210103329506,0.09589951827962928,0.1375020470671302,true,true,false,false,false,false,true,57817,false,5d7b28451493d296bba993cfa43bcf99bb2d68855ccc0191e4490f5cb9e9b017,508063dc1630cb8c194ca1c5ed550090461c790e3ccda6995bca826555e3e0f0,139131,196948,57817,0.41555799929562787,0.9864075796656986,0.9927994685200328,2677,1409,0.9847944366374807,0.9026064998183925,156695,960,true,22.8,false,61,0,195680,156857,967,true,22.85
SYN_a3_predicted_raw_P_s53_00210_10,a3_ours_multi_ours_orb|predicted_raw|sync_step_00210,53,210,210,true,known_transform_positive,false,observed_only,true,true,true,0.7986902423051735,0.2,accepted,507,0.5834292289988493,0.04896437260609391,0.026247589581089414,true,true,false,false,false,false,true,57089,false,5d7b28451493d296bba993cfa43bcf99bb2d68855ccc0191e4490f5cb9e9b017,641e3d08c0f6b42171341ad227deab7629aa921cbb93a53a0d37f2eecde4408f,139131,196220,57089,0.41032552055257276,0.9932830496381613,0.9960241210139003,1318,778,0.9926988948291963,0.9519872479812223,156959,951,true,22.85,false,50,0,195680,156857,967,true,22.85
SYN_a3_predicted_raw_N_s53_00010_00070_01,a3_ours_multi_ours_orb|predicted_raw|frozen_temporal_mismatch_low_support_iou_00010_a3_ours_multi_ours_orb_00070,53,10,70,false,indeterminate_abstention_challenge,false,predicted,true,false,false,0.0,0.2,non_unit_se2_candidate,44,0.12571428571428572,,,,false,false,false,false,false,false,0,true,a75121af853a29e28071e48b29362a6f9fe21a6a9a84b7e305517be6d5639514,a75121af853a29e28071e48b29362a6f9fe21a6a9a84b7e305517be6d5639514,15124,15124,0,0.0,,,,,,,12263,252,true,8.700000000000001,,,,,,,,
SYN_a3_predicted_raw_N_s53_00010_00070_01,a3_ours_multi_ours_orb|predicted_raw|frozen_temporal_mismatch_low_support_iou_00010_a3_ours_multi_ours_orb_00070,53,10,70,false,indeterminate_abstention_challenge,false,observed_only,true,false,false,0.0,0.2,non_unit_se2_candidate,41,0.16334661354581673,,,,false,false,false,false,false,false,0,true,a75121af853a29e28071e48b29362a6f9fe21a6a9a84b7e305517be6d5639514,a75121af853a29e28071e48b29362a6f9fe21a6a9a84b7e305517be6d5639514,15124,15124,0,0.0,,,,,,,12263,252,true,8.700000000000001,,,,,,,,
SYN_a3_predicted_raw_N_s53_00010_00040_02,a3_ours_multi_ours_orb|predicted_raw|frozen_temporal_mismatch_low_support_iou_00010_a3_ours_multi_ours_orb_00040,53,10,40,false,indeterminate_abstention_challenge,false,predicted,true,false,false,0.0,0.2,non_unit_se2_candidate,80,0.14571948998178508,,,,false,false,false,false,false,false,0,true,a75121af853a29e28071e48b29362a6f9fe21a6a9a84b7e305517be6d5639514,a75121af853a29e28071e48b29362a6f9fe21a6a9a84b7e305517be6d5639514,15124,15124,0,0.0,,,,,,,12263,252,true,8.700000000000001,,,,,,,,
SYN_a3_predicted_raw_N_s53_00010_00040_02,a3_ours_multi_ours_orb|predicted_raw|frozen_temporal_mismatch_low_support_iou_00010_a3_ours_multi_ours_orb_00040,53,10,40,false,indeterminate_abstention_challenge,false,observed_only,true,false,false,0.0,0.2,non_unit_se2_candidate,70,0.14644351464435146,,,,false,false,false,false,false,false,0,true,a75121af853a29e28071e48b29362a6f9fe21a6a9a84b7e305517be6d5639514,a75121af853a29e28071e48b29362a6f9fe21a6a9a84b7e305517be6d5639514,15124,15124,0,0.0,,,,,,,12263,252,true,8.700000000000001,,,,,,,,
SYN_a3_predicted_raw_N_s53_00010_00060_03,a3_ours_multi_ours_orb|predicted_raw|frozen_temporal_mismatch_low_support_iou_00010_a3_ours_multi_ours_orb_00060,53,10,60,false,indeterminate_abstention_challenge,false,predicted,true,false,false,0.0,0.2,non_unit_se2_candidate,45,0.125,,,,false,false,false,false,false,false,0,true,a75121af853a29e28071e48b29362a6f9fe21a6a9a84b7e305517be6d5639514,a75121af853a29e28071e48b29362a6f9fe21a6a9a84b7e305517be6d5639514,15124,15124,0,0.0,,,,,,,12263,252,true,8.700000000000001,,,,,,,,
SYN_a3_predicted_raw_N_s53_00010_00060_03,a3_ours_multi_ours_orb|predicted_raw|frozen_temporal_mismatch_low_support_iou_00010_a3_ours_multi_ours_orb_00060,53,10,60,false,indeterminate_abstention_challenge,false,observed_only,true,false,false,0.0,0.2,non_unit_se2_candidate,69,0.184,,,,false,false,false,false,false,false,0,true,a75121af853a29e28071e48b29362a6f9fe21a6a9a84b7e305517be6d5639514,a75121af853a29e28071e48b29362a6f9fe21a6a9a84b7e305517be6d5639514,15124,15124,0,0.0,,,,,,,12263,252,true,8.700000000000001,,,,,,,,
SYN_a3_predicted_raw_N_s53_00020_00010_04,a3_ours_multi_ours_orb|predicted_raw|frozen_temporal_mismatch_low_support_iou_00020_a3_ours_multi_ours_orb_00010,53,20,10,false,indeterminate_abstention_challenge,false,predicted,true,false,false,0.0572562358276644,0.2,non_unit_se2_candidate,53,0.2398190045248869,,,,false,false,false,false,false,false,0,true,d4b00509638301fe3154d5558962e53f285b86114f6a64a6639fe7bf37cf0dfd,d4b00509638301fe3154d5558962e53f285b86114f6a64a6639fe7bf37cf0dfd,23981,23981,0,0.0,,,,,,,19984,439,true,24.400000000000002,,,,,,,,
SYN_a3_predicted_raw_N_s53_00020_00010_04,a3_ours_multi_ours_orb|predicted_raw|frozen_temporal_mismatch_low_support_iou_00020_a3_ours_multi_ours_orb_00010,53,20,10,false,indeterminate_abstention_challenge,false,observed_only,true,false,false,0.0,0.2,non_unit_se2_candidate,35,0.15217391304347827,,,,false,false,false,false,false,false,0,true,d4b00509638301fe3154d5558962e53f285b86114f6a64a6639fe7bf37cf0dfd,d4b00509638301fe3154d5558962e53f285b86114f6a64a6639fe7bf37cf0dfd,23981,23981,0,0.0,,,,,,,19984,439,true,24.400000000000002,,,,,,,,
SYN_a3_predicted_raw_N_s53_00020_00070_05,a3_ours_multi_ours_orb|predicted_raw|frozen_temporal_mismatch_low_support_iou_00020_a3_ours_multi_ours_orb_00070,53,20,70,false,indeterminate_abstention_challenge,false,predicted,true,false,false,0.0,0.2,non_unit_se2_candidate,44,0.09713024282560706,,,,false,false,false,false,false,false,0,true,d4b00509638301fe3154d5558962e53f285b86114f6a64a6639fe7bf37cf0dfd,d4b00509638301fe3154d5558962e53f285b86114f6a64a6639fe7bf37cf0dfd,23981,23981,0,0.0,,,,,,,19984,439,true,24.400000000000002,,,,,,,,
SYN_a3_predicted_raw_N_s53_00020_00070_05,a3_ours_multi_ours_orb|predicted_raw|frozen_temporal_mismatch_low_support_iou_00020_a3_ours_multi_ours_orb_00070,53,20,70,false,indeterminate_abstention_challenge,false,observed_only,true,false,false,0.0,0.2,non_unit_se2_candidate,40,0.14814814814814814,,,,false,false,false,false,false,false,0,true,d4b00509638301fe3154d5558962e53f285b86114f6a64a6639fe7bf37cf0dfd,d4b00509638301fe3154d5558962e53f285b86114f6a64a6639fe7bf37cf0dfd,23981,23981,0,0.0,,,,,,,19984,439,true,24.400000000000002,,,,,,,,
SYN_a3_predicted_raw_N_s53_00030_00010_06,a3_ours_multi_ours_orb|predicted_raw|frozen_temporal_mismatch_low_support_iou_00030_a3_ours_multi_ours_orb_00010,53,30,10,false,indeterminate_abstention_challenge,false,predicted,true,false,false,0.0,0.2,non_unit_se2_candidate,35,0.22435897435897437,,,,false,false,false,false,false,false,0,true,3ff72abe93c1cc4512a65f7fedc5247a3222b34e51f558cf0871e96d475a3967,3ff72abe93c1cc4512a65f7fedc5247a3222b34e51f558cf0871e96d475a3967,33893,33893,0,0.0,,,,,,,28816,1565,true,25.05,,,,,,,,
SYN_a3_predicted_raw_N_s53_00030_00010_06,a3_ours_multi_ours_orb|predicted_raw|frozen_temporal_mismatch_low_support_iou_00030_a3_ours_multi_ours_orb_00010,53,30,10,false,indeterminate_abstention_challenge,false,observed_only,true,false,false,0.0,0.2,non_unit_se2_candidate,31,0.14285714285714285,,,,false,false,false,false,false,false,0,true,3ff72abe93c1cc4512a65f7fedc5247a3222b34e51f558cf0871e96d475a3967,3ff72abe93c1cc4512a65f7fedc5247a3222b34e51f558cf0871e96d475a3967,33893,33893,0,0.0,,,,,,,28816,1565,true,25.05,,,,,,,,
SYN_a3_predicted_raw_N_s53_00020_00030_07,a3_ours_multi_ours_orb|predicted_raw|frozen_temporal_mismatch_low_support_iou_00020_a3_ours_multi_ours_orb_00030,53,20,30,false,indeterminate_abstention_challenge,false,predicted,true,true,false,0.14191564147627417,0.2,low_inlier_ratio,42,0.11320754716981132,,,,false,false,false,false,false,false,0,true,d4b00509638301fe3154d5558962e53f285b86114f6a64a6639fe7bf37cf0dfd,d4b00509638301fe3154d5558962e53f285b86114f6a64a6639fe7bf37cf0dfd,23981,23981,0,0.0,,,,,,,19984,439,true,24.400000000000002,,,,,,,,
SYN_a3_predicted_raw_N_s53_00020_00030_07,a3_ours_multi_ours_orb|predicted_raw|frozen_temporal_mismatch_low_support_iou_00020_a3_ours_multi_ours_orb_00030,53,20,30,false,indeterminate_abstention_challenge,false,observed_only,true,false,false,0.0,0.2,non_unit_se2_candidate,71,0.15990990990990991,,,,false,false,false,false,false,false,0,true,d4b00509638301fe3154d5558962e53f285b86114f6a64a6639fe7bf37cf0dfd,d4b00509638301fe3154d5558962e53f285b86114f6a64a6639fe7bf37cf0dfd,23981,23981,0,0.0,,,,,,,19984,439,true,24.400000000000002,,,,,,,,
SYN_a3_predicted_raw_N_s53_00010_00020_08,a3_ours_multi_ours_orb|predicted_raw|frozen_temporal_mismatch_low_support_iou_00010_a3_ours_multi_ours_orb_00020,53,10,20,false,indeterminate_abstention_challenge,false,predicted,true,false,false,0.0,0.2,non_unit_se2_candidate,51,0.1069182389937107,,,,false,false,false,false,false,false,0,true,a75121af853a29e28071e48b29362a6f9fe21a6a9a84b7e305517be6d5639514,a75121af853a29e28071e48b29362a6f9fe21a6a9a84b7e305517be6d5639514,15124,15124,0,0.0,,,,,,,12263,252,true,8.700000000000001,,,,,,,,
SYN_a3_predicted_raw_N_s53_00010_00020_08,a3_ours_multi_ours_orb|predicted_raw|frozen_temporal_mismatch_low_support_iou_00010_a3_ours_multi_ours_orb_00020,53,10,20,false,indeterminate_abstention_challenge,false,observed_only,true,false,false,0.0,0.2,non_unit_se2_candidate,61,0.1466346153846154,,,,false,false,false,false,false,false,0,true,a75121af853a29e28071e48b29362a6f9fe21a6a9a84b7e305517be6d5639514,a75121af853a29e28071e48b29362a6f9fe21a6a9a84b7e305517be6d5639514,15124,15124,0,0.0,,,,,,,12263,252,true,8.700000000000001,,,,,,,,
SYN_a3_predicted_raw_N_s53_00010_00030_09,a3_ours_multi_ours_orb|predicted_raw|frozen_temporal_mismatch_low_support_iou_00010_a3_ours_multi_ours_orb_00030,53,10,30,false,indeterminate_abstention_challenge,false,predicted,true,false,false,0.0,0.2,non_unit_se2_candidate,70,0.12323943661971831,,,,false,false,false,false,false,false,0,true,a75121af853a29e28071e48b29362a6f9fe21a6a9a84b7e305517be6d5639514,a75121af853a29e28071e48b29362a6f9fe21a6a9a84b7e305517be6d5639514,15124,15124,0,0.0,,,,,,,12263,252,true,8.700000000000001,,,,,,,,
SYN_a3_predicted_raw_N_s53_00010_00030_09,a3_ours_multi_ours_orb|predicted_raw|frozen_temporal_mismatch_low_support_iou_00010_a3_ours_multi_ours_orb_00030,53,10,30,false,indeterminate_abstention_challenge,false,observed_only,true,false,false,0.0,0.2,non_unit_se2_candidate,69,0.16273584905660377,,,,false,false,false,false,false,false,0,true,a75121af853a29e28071e48b29362a6f9fe21a6a9a84b7e305517be6d5639514,a75121af853a29e28071e48b29362a6f9fe21a6a9a84b7e305517be6d5639514,15124,15124,0,0.0,,,,,,,12263,252,true,8.700000000000001,,,,,,,,
SYN_a3_predicted_raw_N_s53_00010_00070_10,a3_ours_multi_ours_orb|predicted_raw|frozen_temporal_mismatch_low_support_iou_00010_a3_ours_multi_ours_orb_00070,53,10,70,false,indeterminate_abstention_challenge,false,predicted,true,false,false,0.0,0.2,non_unit_se2_candidate,44,0.12571428571428572,,,,false,false,false,false,false,false,0,true,a75121af853a29e28071e48b29362a6f9fe21a6a9a84b7e305517be6d5639514,a75121af853a29e28071e48b29362a6f9fe21a6a9a84b7e305517be6d5639514,15124,15124,0,0.0,,,,,,,12263,252,true,8.700000000000001,,,,,,,,
SYN_a3_predicted_raw_N_s53_00010_00070_10,a3_ours_multi_ours_orb|predicted_raw|frozen_temporal_mismatch_low_support_iou_00010_a3_ours_multi_ours_orb_00070,53,10,70,false,indeterminate_abstention_challenge,false,observed_only,true,false,false,0.0,0.2,non_unit_se2_candidate,41,0.16334661354581673,,,,false,false,false,false,false,false,0,true,a75121af853a29e28071e48b29362a6f9fe21a6a9a84b7e305517be6d5639514,a75121af853a29e28071e48b29362a6f9fe21a6a9a84b7e305517be6d5639514,15124,15124,0,0.0,,,,,,,12263,252,true,8.700000000000001,,,,,,,,
SYN_a3_predicted_raw_P_s71_00290_01,a3_ours_multi_ours_orb|predicted_raw|sync_step_00290,71,290,290,true,known_transform_positive,false,predicted,true,true,true,0.8277312825152681,0.2,accepted,572,0.5685884691848907,0.04935288250173069,0.002338612581780808,true,true,false,false,false,false,true,26062,false,2fd430daf733a6fae7c07bdd24ee585e24bff513fa1c03c6e1a66b42a9d20e8a,f860ba28e4b0c0dd688932ab364f7d91e834093972faba557bed3d85318081a8,202725,228787,26062,0.1285583919102232,0.9946107077762285,0.9976544243694347,1233,535,0.9960405002768573,0.9181183332054332,182143,646,true,23.6,false,2,1,228089,182281,728,true,23.650000000000002
SYN_a3_predicted_raw_P_s71_00290_01,a3_ours_multi_ours_orb|predicted_raw|sync_step_00290,71,290,290,true,known_transform_positive,false,observed_only,true,true,true,0.9162180502148836,0.2,accepted,599,0.6081218274111675,0.018155741739541292,0.011839986155422366,true,true,false,false,false,false,true,25403,false,2fd430daf733a6fae7c07bdd24ee585e24bff513fa1c03c6e1a66b42a9d20e8a,f8963b568da7004eba0c79b9826072633a689a88dfda27295de2af3ac2b8e181,202725,228128,25403,0.1253076828215563,0.9982159138729134,0.9983865947064523,407,368,0.9988319039526438,0.9735070660945557,182272,702,true,23.650000000000002,false,4,0,228089,182281,728,true,23.650000000000002
SYN_a3_predicted_raw_P_s71_00430_02,a3_ours_multi_ours_orb|predicted_raw|sync_step_00430,71,430,430,true,known_transform_positive,false,predicted,true,true,true,0.9001436208409798,0.2,accepted,727,0.6706642066420664,0.023565943638629374,0.004857014553664385,true,true,false,false,false,false,true,22397,false,adfe803c1b794b60c80253d334d65cbf6c500fa7d41b130aab32d4156fa9e78a,87f4bb1470efb421060d57fd02154e0b72b3931701accad4462036590478b410,230943,253340,22397,0.09698064024456252,0.99708297150075,0.998347950153941,739,418,0.9986579625575512,0.9518685538241729,201951,802,true,35.0,false,0,12,253019,202208,782,true,34.7
SYN_a3_predicted_raw_P_s71_00430_02,a3_ours_multi_ours_orb|predicted_raw|sync_step_00430,71,430,430,true,known_transform_positive,false,observed_only,true,true,true,0.8428947578393042,0.2,accepted,633,0.6104146576663452,0.03229294383909904,0.0005171558614165406,true,true,false,false,false,false,true,22830,false,adfe803c1b794b60c80253d334d65cbf6c500fa7d41b130aab32d4156fa9e78a,9cc730c1b67ee7ba401123d6209056e9e84b3fc9e406b890ccff5614759f03e3,230943,253773,22830,0.09885556176199321,0.9953304725088957,0.9982965706132741,1185,431,0.9978423361363169,0.9242225142356548,201783,805,true,34.75,false,0,16,253019,202208,782,true,34.7
SYN_a3_predicted_raw_P_s71_00060_03,a3_ours_multi_ours_orb|predicted_raw|sync_step_00060,71,60,60,true,known_transform_positive,false,predicted,true,true,true,0.5367420349434738,0.2,accepted,270,0.4011887072808321,0.0784765967467093,0.13960227314174745,true,true,false,false,false,false,true,31205,false,d3f6d7a104edcf182d2bce45d98b7ff2333950b5e81feec2b7e6eaffd170aba2,2ecfc13d5d7deed54d905d2be634c0154bb011540e0876db7e1328ec80162e5a,85618,116823,31205,0.36446775210820154,0.9858846288830111,0.9904969942981966,1649,1105,0.9915085001823328,0.9158147732735139,97075,1360,true,18.75,false,0,2,116279,97201,1360,true,18.75
SYN_a3_predicted_raw_P_s71_00060_03,a3_ours_multi_ours_orb|predicted_raw|sync_step_00060,71,60,60,true,known_transform_positive,false,observed_only,true,true,true,0.697841726618705,0.2,accepted,204,0.33943427620632277,0.02606526904203134,0.04971540577773226,true,true,false,false,false,false,true,30698,false,d3f6d7a104edcf182d2bce45d98b7ff2333950b5e81feec2b7e6eaffd170aba2,02e490bb9c4deba52b9b351dcca774fbca4892fe69489642836a7c97d0a66f3f,85618,116316,30698,0.35854610011913385,0.9959678806011211,0.9962847977708786,469,432,0.9972981605048038,0.9745260277542511,97163,1388,true,18.7,false,0,1,116279,97201,1360,true,18.75
SYN_a3_predicted_raw_P_s71_00050_04,a3_ours_multi_ours_orb|predicted_raw|sync_step_00050,71,50,50,true,known_transform_positive,false,predicted,true,true,true,0.41827885256837893,0.2,accepted,194,0.27714285714285714,0.09470080790682714,0.07517525861698005,true,true,false,false,false,false,true,48684,false,244281a00aeaf00bbaea07b7730fd7ab3878d3db056ea8f9fe035339512bb794,cf4a83fe50cebde6d7179a7d5f0323ce6eb0802a51eab2ad657349d67e97b50a,68100,116784,48684,0.7148898678414097,0.9831740649404028,0.987792288236205,1965,1419,0.9827293392208607,0.918905595267439,96745,1354,true,18.35,false,0,1,116238,96876,1334,true,18.25
SYN_a3_predicted_raw_P_s71_00050_04,a3_ours_multi_ours_orb|predicted_raw|sync_step_00050,71,50,50,true,known_transform_positive,false,observed_only,true,true,false,0.4152768512341561,0.2,low_inlier_ratio,112,0.1769352290679305,0.11369781298060624,0.16992588323566338,true,false,false,true,false,false,false,0,true,244281a00aeaf00bbaea07b7730fd7ab3878d3db056ea8f9fe035339512bb794,244281a00aeaf00bbaea07b7730fd7ab3878d3db056ea8f9fe035339512bb794,68100,68100,0,0.0,1.0,0.5858669281990398,0,48138,1.0,,57346,1382,true,14.700000000000001,true,0,0,116238,96876,1334,true,18.25
SYN_a3_predicted_raw_P_s71_00170_05,a3_ours_multi_ours_orb|predicted_raw|sync_step_00170,71,170,170,true,known_transform_positive,false,predicted,true,true,true,0.7663241854806002,0.2,accepted,673,0.6118181818181818,0.058069761991345066,0.1606115232277716,true,true,false,false,false,false,true,21938,false,1b30adbf3d0625739a91127c9691af7dff69e98283a466f8747b12c25c3d1947,89be22661d21549dae15da75a6364886e0076f4928a88b88d86d563f6e55bab7,137205,159143,21938,0.15989213221092527,0.9888276581439335,0.9948916692482282,1778,808,0.9942363295523147,0.8776096271310055,127552,1081,true,22.6,false,0,7,158173,127702,1153,true,22.6
SYN_a3_predicted_raw_P_s71_00170_05,a3_ours_multi_ours_orb|predicted_raw|sync_step_00170,71,170,170,true,known_transform_positive,false,observed_only,true,true,true,0.7392186021360011,0.2,accepted,745,0.6027508090614887,0.07779525450385733,0.036159818441291236,true,true,false,false,false,false,true,22047,false,1b30adbf3d0625739a91127c9691af7dff69e98283a466f8747b12c25c3d1947,0d01a88f1d55e0b1a17c43c0235e0b5f539756f36dc2b1918fe5f5b92532710d,137205,159252,22047,0.1606865639007325,0.988458543691759,0.9952014566329273,1838,759,0.9940983648214263,0.8744953961990294,127528,1082,true,22.650000000000002,false,0,3,158173,127702,1153,true,22.6
SYN_a3_predicted_raw_P_s71_00200_06,a3_ours_multi_ours_orb|predicted_raw|sync_step_00200,71,200,200,true,known_transform_positive,false,predicted,true,true,true,0.7747198741891095,0.2,accepted,478,0.5437997724687145,0.03861915736857968,0.030085529967635694,true,true,false,false,false,false,true,41878,false,27889356039471dee7b4f6111984556f73a9f4427b8c48a7b020c3f8bdfedc57,f26dfa5f9377f21df96758d42ca93085de526d9ff7dbf1ded3dd3f0119cd7a07,139118,180996,41878,0.30102502911197687,0.9928285707971447,0.9971644035536515,1298,511,0.9951418491023829,0.9481589378671379,143220,1053,true,22.6,false,0,1,180209,143576,1048,true,22.6
SYN_a3_predicted_raw_P_s71_00200_06,a3_ours_multi_ours_orb|predicted_raw|sync_step_00200,71,200,200,true,known_transform_positive,false,observed_only,true,true,true,0.8852630889194679,0.2,accepted,497,0.5881656804733728,0.013586733346549102,0.037406413157015095,true,true,false,false,false,false,true,41159,false,27889356039471dee7b4f6111984556f73a9f4427b8c48a7b020c3f8bdfedc57,a92f05a6b7c806fb1d0f2beb77f44caad7189ee353c73490b5f433a60b60e91c,139118,180277,41159,0.2958567546974511,0.9981972187245184,0.9985738781081966,325,257,0.9988441362141015,0.9870502198790058,143754,1073,true,22.6,false,0,1,180209,143576,1048,true,22.6
SYN_a3_predicted_raw_P_s71_00270_07,a3_ours_multi_ours_orb|predicted_raw|sync_step_00270,71,270,270,true,known_transform_positive,false,predicted,true,true,true,0.7599635945583445,0.2,accepted,405,0.4945054945054945,0.05206140378635323,0.11108247677594818,true,true,false,false,false,false,true,11648,false,13ad52dc7fe4e8c5c65c7712b9251ee94f6d0243abd00e061cdf62d2e7133a39,dda4e397fd5673716120de076f1348a2680d9a897253580a48a65abd5a02ba9e,200216,211864,11648,0.05817716865784952,0.9936657478382358,0.9963699009413647,1342,767,0.9971214409895403,0.832760989010989,169139,2613,true,30.5,true,0,0,211289,169162,2602,true,30.5
SYN_a3_predicted_raw_P_s71_00270_07,a3_ours_multi_ours_orb|predicted_raw|sync_step_00270,71,270,270,true,known_transform_positive,false,observed_only,true,true,true,0.8370039825344273,0.2,accepted,481,0.6020025031289111,0.03714545402804998,0.00753203041500683,true,true,false,false,false,false,true,11024,false,13ad52dc7fe4e8c5c65c7712b9251ee94f6d0243abd00e061cdf62d2e7133a39,589bd71d0ca00a2803c833e6ebd294d876d985f2218b41d075bd04c3293a7e5c,200216,211240,11024,0.055060534622607585,0.9974578678280629,0.997226547524954,537,586,0.9982344817112239,0.9175435413642961,169200,2668,true,30.5,true,0,0,211289,169162,2602,true,30.5
SYN_a3_predicted_raw_P_s71_00040_08,a3_ours_multi_ours_orb|predicted_raw|sync_step_00040,71,40,40,true,known_transform_positive,false,predicted,true,true,false,0.15900426104507737,0.2,low_inlier_ratio,94,0.15932203389830507,0.3905400111690529,0.3404275028609334,false,false,false,true,false,false,false,0,true,f586da8d20f8a4f42eacde27ebef0b9279038477a8ae1cecffebfcd15f71a19e,f586da8d20f8a4f42eacde27ebef0b9279038477a8ae1cecffebfcd15f71a19e,59598,59598,0,0.0,1.0,0.6167585971375645,0,37033,1.0,,51500,1632,true,13.950000000000001,false,7,0,96631,80743,1584,true,14.8
SYN_a3_predicted_raw_P_s71_00040_08,a3_ours_multi_ours_orb|predicted_raw|sync_step_00040,71,40,40,true,known_transform_positive,false,observed_only,true,false,false,0.0,0.2,non_unit_se2_candidate,82,0.13464696223316913,,,,false,false,true,false,false,false,0,true,f586da8d20f8a4f42eacde27ebef0b9279038477a8ae1cecffebfcd15f71a19e,f586da8d20f8a4f42eacde27ebef0b9279038477a8ae1cecffebfcd15f71a19e,59598,59598,0,0.0,1.0,0.6167585971375645,0,37033,1.0,,51500,1632,true,13.950000000000001,false,7,0,96631,80743,1584,true,14.8
SYN_a3_predicted_raw_P_s71_00380_09,a3_ours_multi_ours_orb|predicted_raw|sync_step_00380,71,380,380,true,known_transform_positive,false,predicted,true,true,true,0.9086775785918421,0.2,accepted,585,0.569620253164557,0.019723413089480717,0.0034260453790864176,true,true,false,false,false,false,true,19920,false,aac4266cab1c9c7a5f7a92e8882d5f7eb5dceb20a295f4a33247580f61566871,5a631d391debec143eeb3a72dbc71cc0b03617e122e3ffbd07aa23788eb03144,210928,230848,19920,0.09443980884472426,0.9980636609370668,0.9985784188376841,447,328,0.9987109430948651,0.9626506024096385,184105,605,true,22.6,false,0,1,230729,184291,628,true,22.6
SYN_a3_predicted_raw_P_s71_00380_09,a3_ours_multi_ours_orb|predicted_raw|sync_step_00380,71,380,380,true,known_transform_positive,false,observed_only,true,true,true,0.8533818307785572,0.2,accepted,674,0.6706467661691542,0.034707183912027116,0.031092910603234714,true,true,false,false,false,false,true,20361,false,aac4266cab1c9c7a5f7a92e8882d5f7eb5dceb20a295f4a33247580f61566871,33ce2c9659d264b4012b343befdeab34dde4b6f8e01f52bded8210baf32168fb,210928,231289,20361,0.0965305696730638,0.9957672003424287,0.9981840167469196,979,419,0.9975381008206331,0.924070526987869,183906,595,true,22.6,false,0,1,230729,184291,628,true,22.6
SYN_a3_predicted_raw_P_s71_00360_10,a3_ours_multi_ours_orb|predicted_raw|sync_step_00360,71,360,360,true,known_transform_positive,false,predicted,true,true,true,0.8511465385455339,0.2,accepted,542,0.5447236180904522,0.035451581277449434,0.09414370123886329,true,true,false,false,false,false,true,22702,false,cee7f832bb1b32b3458901c4d8ba557e2bba767a38780857ffaf85341e45c678,b2d2f5151e452296245b4237d18ce41bfe1829a7c81bf8d60719e58890a04644,208816,231518,22702,0.10871772277986361,0.9951969177342582,0.9984399781596942,1112,360,0.9979644627310053,0.9303585587172937,184057,568,true,22.650000000000002,false,0,2,230766,184263,654,true,22.6
SYN_a3_predicted_raw_P_s71_00360_10,a3_ours_multi_ours_orb|predicted_raw|sync_step_00360,71,360,360,true,known_transform_positive,false,observed_only,true,true,true,0.881371478488753,0.2,accepted,614,0.6061204343534057,0.01568444388254128,0.0572578870865641,true,true,false,false,false,false,true,22269,false,cee7f832bb1b32b3458901c4d8ba557e2bba767a38780857ffaf85341e45c678,219d31886ffc433b3c8e7446b3545d03b708353e6c7df05de9f2bdefb74c8e67,208816,231085,22269,0.1066441268868286,0.9975117381050262,0.9988906511357826,575,256,0.9982603791592556,0.9561722573981768,183971,655,true,22.6,true,0,0,230766,184263,654,true,22.6
SYN_a3_predicted_raw_N_s71_00030_00010_01,a3_ours_multi_ours_orb|predicted_raw|frozen_temporal_mismatch_low_support_iou_00030_a3_ours_multi_ours_orb_00010,71,30,10,false,indeterminate_abstention_challenge,false,predicted,true,false,false,0.0,0.2,non_unit_se2_candidate,35,0.22435897435897437,,,,false,false,false,false,false,false,0,true,3ff72abe93c1cc4512a65f7fedc5247a3222b34e51f558cf0871e96d475a3967,3ff72abe93c1cc4512a65f7fedc5247a3222b34e51f558cf0871e96d475a3967,33893,33893,0,0.0,,,,,,,28816,1565,true,25.05,,,,,,,,
SYN_a3_predicted_raw_N_s71_00030_00010_01,a3_ours_multi_ours_orb|predicted_raw|frozen_temporal_mismatch_low_support_iou_00030_a3_ours_multi_ours_orb_00010,71,30,10,false,indeterminate_abstention_challenge,false,observed_only,true,false,false,0.0,0.2,non_unit_se2_candidate,31,0.14285714285714285,,,,false,false,false,false,false,false,0,true,3ff72abe93c1cc4512a65f7fedc5247a3222b34e51f558cf0871e96d475a3967,3ff72abe93c1cc4512a65f7fedc5247a3222b34e51f558cf0871e96d475a3967,33893,33893,0,0.0,,,,,,,28816,1565,true,25.05,,,,,,,,
SYN_a3_predicted_raw_N_s71_00020_00030_02,a3_ours_multi_ours_orb|predicted_raw|frozen_temporal_mismatch_low_support_iou_00020_a3_ours_multi_ours_orb_00030,71,20,30,false,indeterminate_abstention_challenge,false,predicted,true,true,false,0.14191564147627417,0.2,low_inlier_ratio,42,0.11320754716981132,,,,false,false,false,false,false,false,0,true,d4b00509638301fe3154d5558962e53f285b86114f6a64a6639fe7bf37cf0dfd,d4b00509638301fe3154d5558962e53f285b86114f6a64a6639fe7bf37cf0dfd,23981,23981,0,0.0,,,,,,,19984,439,true,24.400000000000002,,,,,,,,
SYN_a3_predicted_raw_N_s71_00020_00030_02,a3_ours_multi_ours_orb|predicted_raw|frozen_temporal_mismatch_low_support_iou_00020_a3_ours_multi_ours_orb_00030,71,20,30,false,indeterminate_abstention_challenge,false,observed_only,true,false,false,0.0,0.2,non_unit_se2_candidate,71,0.15990990990990991,,,,false,false,false,false,false,false,0,true,d4b00509638301fe3154d5558962e53f285b86114f6a64a6639fe7bf37cf0dfd,d4b00509638301fe3154d5558962e53f285b86114f6a64a6639fe7bf37cf0dfd,23981,23981,0,0.0,,,,,,,19984,439,true,24.400000000000002,,,,,,,,
SYN_a3_predicted_raw_N_s71_00010_00070_03,a3_ours_multi_ours_orb|predicted_raw|frozen_temporal_mismatch_low_support_iou_00010_a3_ours_multi_ours_orb_00070,71,10,70,false,indeterminate_abstention_challenge,false,predicted,true,false,false,0.0,0.2,non_unit_se2_candidate,44,0.12571428571428572,,,,false,false,false,false,false,false,0,true,a75121af853a29e28071e48b29362a6f9fe21a6a9a84b7e305517be6d5639514,a75121af853a29e28071e48b29362a6f9fe21a6a9a84b7e305517be6d5639514,15124,15124,0,0.0,,,,,,,12263,252,true,8.700000000000001,,,,,,,,
SYN_a3_predicted_raw_N_s71_00010_00070_03,a3_ours_multi_ours_orb|predicted_raw|frozen_temporal_mismatch_low_support_iou_00010_a3_ours_multi_ours_orb_00070,71,10,70,false,indeterminate_abstention_challenge,false,observed_only,true,false,false,0.0,0.2,non_unit_se2_candidate,41,0.16334661354581673,,,,false,false,false,false,false,false,0,true,a75121af853a29e28071e48b29362a6f9fe21a6a9a84b7e305517be6d5639514,a75121af853a29e28071e48b29362a6f9fe21a6a9a84b7e305517be6d5639514,15124,15124,0,0.0,,,,,,,12263,252,true,8.700000000000001,,,,,,,,
SYN_a3_predicted_raw_N_s71_00010_00040_04,a3_ours_multi_ours_orb|predicted_raw|frozen_temporal_mismatch_low_support_iou_00010_a3_ours_multi_ours_orb_00040,71,10,40,false,indeterminate_abstention_challenge,false,predicted,true,false,false,0.0,0.2,non_unit_se2_candidate,80,0.14571948998178508,,,,false,false,false,false,false,false,0,true,a75121af853a29e28071e48b29362a6f9fe21a6a9a84b7e305517be6d5639514,a75121af853a29e28071e48b29362a6f9fe21a6a9a84b7e305517be6d5639514,15124,15124,0,0.0,,,,,,,12263,252,true,8.700000000000001,,,,,,,,
SYN_a3_predicted_raw_N_s71_00010_00040_04,a3_ours_multi_ours_orb|predicted_raw|frozen_temporal_mismatch_low_support_iou_00010_a3_ours_multi_ours_orb_00040,71,10,40,false,indeterminate_abstention_challenge,false,observed_only,true,false,false,0.0,0.2,non_unit_se2_candidate,70,0.14644351464435146,,,,false,false,false,false,false,false,0,true,a75121af853a29e28071e48b29362a6f9fe21a6a9a84b7e305517be6d5639514,a75121af853a29e28071e48b29362a6f9fe21a6a9a84b7e305517be6d5639514,15124,15124,0,0.0,,,,,,,12263,252,true,8.700000000000001,,,,,,,,
SYN_a3_predicted_raw_N_s71_00020_00010_05,a3_ours_multi_ours_orb|predicted_raw|frozen_temporal_mismatch_low_support_iou_00020_a3_ours_multi_ours_orb_00010,71,20,10,false,indeterminate_abstention_challenge,false,predicted,true,false,false,0.0572562358276644,0.2,non_unit_se2_candidate,53,0.2398190045248869,,,,false,false,false,false,false,false,0,true,d4b00509638301fe3154d5558962e53f285b86114f6a64a6639fe7bf37cf0dfd,d4b00509638301fe3154d5558962e53f285b86114f6a64a6639fe7bf37cf0dfd,23981,23981,0,0.0,,,,,,,19984,439,true,24.400000000000002,,,,,,,,
SYN_a3_predicted_raw_N_s71_00020_00010_05,a3_ours_multi_ours_orb|predicted_raw|frozen_temporal_mismatch_low_support_iou_00020_a3_ours_multi_ours_orb_00010,71,20,10,false,indeterminate_abstention_challenge,false,observed_only,true,false,false,0.0,0.2,non_unit_se2_candidate,35,0.15217391304347827,,,,false,false,false,false,false,false,0,true,d4b00509638301fe3154d5558962e53f285b86114f6a64a6639fe7bf37cf0dfd,d4b00509638301fe3154d5558962e53f285b86114f6a64a6639fe7bf37cf0dfd,23981,23981,0,0.0,,,,,,,19984,439,true,24.400000000000002,,,,,,,,
SYN_a3_predicted_raw_N_s71_00010_00060_06,a3_ours_multi_ours_orb|predicted_raw|frozen_temporal_mismatch_low_support_iou_00010_a3_ours_multi_ours_orb_00060,71,10,60,false,indeterminate_abstention_challenge,false,predicted,true,false,false,0.0,0.2,non_unit_se2_candidate,45,0.125,,,,false,false,false,false,false,false,0,true,a75121af853a29e28071e48b29362a6f9fe21a6a9a84b7e305517be6d5639514,a75121af853a29e28071e48b29362a6f9fe21a6a9a84b7e305517be6d5639514,15124,15124,0,0.0,,,,,,,12263,252,true,8.700000000000001,,,,,,,,
SYN_a3_predicted_raw_N_s71_00010_00060_06,a3_ours_multi_ours_orb|predicted_raw|frozen_temporal_mismatch_low_support_iou_00010_a3_ours_multi_ours_orb_00060,71,10,60,false,indeterminate_abstention_challenge,false,observed_only,true,false,false,0.0,0.2,non_unit_se2_candidate,69,0.184,,,,false,false,false,false,false,false,0,true,a75121af853a29e28071e48b29362a6f9fe21a6a9a84b7e305517be6d5639514,a75121af853a29e28071e48b29362a6f9fe21a6a9a84b7e305517be6d5639514,15124,15124,0,0.0,,,,,,,12263,252,true,8.700000000000001,,,,,,,,
SYN_a3_predicted_raw_N_s71_00010_00020_07,a3_ours_multi_ours_orb|predicted_raw|frozen_temporal_mismatch_low_support_iou_00010_a3_ours_multi_ours_orb_00020,71,10,20,false,indeterminate_abstention_challenge,false,predicted,true,false,false,0.0,0.2,non_unit_se2_candidate,51,0.1069182389937107,,,,false,false,false,false,false,false,0,true,a75121af853a29e28071e48b29362a6f9fe21a6a9a84b7e305517be6d5639514,a75121af853a29e28071e48b29362a6f9fe21a6a9a84b7e305517be6d5639514,15124,15124,0,0.0,,,,,,,12263,252,true,8.700000000000001,,,,,,,,
SYN_a3_predicted_raw_N_s71_00010_00020_07,a3_ours_multi_ours_orb|predicted_raw|frozen_temporal_mismatch_low_support_iou_00010_a3_ours_multi_ours_orb_00020,71,10,20,false,indeterminate_abstention_challenge,false,observed_only,true,false,false,0.0,0.2,non_unit_se2_candidate,61,0.1466346153846154,,,,false,false,false,false,false,false,0,true,a75121af853a29e28071e48b29362a6f9fe21a6a9a84b7e305517be6d5639514,a75121af853a29e28071e48b29362a6f9fe21a6a9a84b7e305517be6d5639514,15124,15124,0,0.0,,,,,,,12263,252,true,8.700000000000001,,,,,,,,
SYN_a3_predicted_raw_N_s71_00020_00070_08,a3_ours_multi_ours_orb|predicted_raw|frozen_temporal_mismatch_low_support_iou_00020_a3_ours_multi_ours_orb_00070,71,20,70,false,indeterminate_abstention_challenge,false,predicted,true,false,false,0.0,0.2,non_unit_se2_candidate,44,0.09713024282560706,,,,false,false,false,false,false,false,0,true,d4b00509638301fe3154d5558962e53f285b86114f6a64a6639fe7bf37cf0dfd,d4b00509638301fe3154d5558962e53f285b86114f6a64a6639fe7bf37cf0dfd,23981,23981,0,0.0,,,,,,,19984,439,true,24.400000000000002,,,,,,,,
SYN_a3_predicted_raw_N_s71_00020_00070_08,a3_ours_multi_ours_orb|predicted_raw|frozen_temporal_mismatch_low_support_iou_00020_a3_ours_multi_ours_orb_00070,71,20,70,false,indeterminate_abstention_challenge,false,observed_only,true,false,false,0.0,0.2,non_unit_se2_candidate,40,0.14814814814814814,,,,false,false,false,false,false,false,0,true,d4b00509638301fe3154d5558962e53f285b86114f6a64a6639fe7bf37cf0dfd,d4b00509638301fe3154d5558962e53f285b86114f6a64a6639fe7bf37cf0dfd,23981,23981,0,0.0,,,,,,,19984,439,true,24.400000000000002,,,,,,,,
SYN_a3_predicted_raw_N_s71_00010_00030_09,a3_ours_multi_ours_orb|predicted_raw|frozen_temporal_mismatch_low_support_iou_00010_a3_ours_multi_ours_orb_00030,71,10,30,false,indeterminate_abstention_challenge,false,predicted,true,false,false,0.0,0.2,non_unit_se2_candidate,70,0.12323943661971831,,,,false,false,false,false,false,false,0,true,a75121af853a29e28071e48b29362a6f9fe21a6a9a84b7e305517be6d5639514,a75121af853a29e28071e48b29362a6f9fe21a6a9a84b7e305517be6d5639514,15124,15124,0,0.0,,,,,,,12263,252,true,8.700000000000001,,,,,,,,
SYN_a3_predicted_raw_N_s71_00010_00030_09,a3_ours_multi_ours_orb|predicted_raw|frozen_temporal_mismatch_low_support_iou_00010_a3_ours_multi_ours_orb_00030,71,10,30,false,indeterminate_abstention_challenge,false,observed_only,true,false,false,0.0,0.2,non_unit_se2_candidate,69,0.16273584905660377,,,,false,false,false,false,false,false,0,true,a75121af853a29e28071e48b29362a6f9fe21a6a9a84b7e305517be6d5639514,a75121af853a29e28071e48b29362a6f9fe21a6a9a84b7e305517be6d5639514,15124,15124,0,0.0,,,,,,,12263,252,true,8.700000000000001,,,,,,,,
SYN_a3_predicted_raw_N_s71_00030_00010_10,a3_ours_multi_ours_orb|predicted_raw|frozen_temporal_mismatch_low_support_iou_00030_a3_ours_multi_ours_orb_00010,71,30,10,false,indeterminate_abstention_challenge,false,predicted,true,false,false,0.0,0.2,non_unit_se2_candidate,35,0.22435897435897437,,,,false,false,false,false,false,false,0,true,3ff72abe93c1cc4512a65f7fedc5247a3222b34e51f558cf0871e96d475a3967,3ff72abe93c1cc4512a65f7fedc5247a3222b34e51f558cf0871e96d475a3967,33893,33893,0,0.0,,,,,,,28816,1565,true,25.05,,,,,,,,
SYN_a3_predicted_raw_N_s71_00030_00010_10,a3_ours_multi_ours_orb|predicted_raw|frozen_temporal_mismatch_low_support_iou_00030_a3_ours_multi_ours_orb_00010,71,30,10,false,indeterminate_abstention_challenge,false,observed_only,true,false,false,0.0,0.2,non_unit_se2_candidate,31,0.14285714285714285,,,,false,false,false,false,false,false,0,true,3ff72abe93c1cc4512a65f7fedc5247a3222b34e51f558cf0871e96d475a3967,3ff72abe93c1cc4512a65f7fedc5247a3222b34e51f558cf0871e96d475a3967,33893,33893,0,0.0,,,,,,,28816,1565,true,25.05,,,,,,,,
